sku,name,category,price_per_day_eur,price_per_day_cents,description,image_url,image_urls_all,image_count,availability,source_url,tags
CHEM-DE-TABL-001,Chemin de table vert sauge,nappages,3,300,Ajoutez une touche chaleureuse et tendance à votre décoration de table avec ce chemin de table vert sauge en simple gaze.,"https://static.wixstatic.com/media/2ef057_69956bd708b74dcfa38b5c4660ec0057~mv2.jpeg/v1/fit/w_500,h_500,q_90/file.jpg","https://static.wixstatic.com/media/2ef057_69956bd708b74dcfa38b5c4660ec0057~mv2.jpeg/v1/fit/w_500,h_500,q_90/file.jpg | https://static.wixstatic.com/media/2ef057_e27ad8244da846e8b17dc8d7d69c4901~mv2.jpg/v1/fit/w_500,h_500,q_90/file.jpg",2,InStock,https://www.le-splendid.events/product-page/chemin-de-table-vert-sauge,chemin
TENT-A-L-002,Tenture (à l'unité),housses,5,500,Tenture mariage luxe en satin blanc pour une décoration haut de gamme dans votre salle de décoration mariage.Loué sans guirlande LED.,"https://static.wixstatic.com/media/2ef057_968452b04b5844e8acd634974e9d465a~mv2.jpg/v1/fit/w_500,h_500,q_90/file.jpg","https://static.wixstatic.com/media/2ef057_968452b04b5844e8acd634974e9d465a~mv2.jpg/v1/fit/w_500,h_500,q_90/file.jpg | https://static.wixstatic.com/media/2ef057_0bf1ba65b8b246359e38e1980168570a~mv2.jpeg/v1/fit/w_500,h_500,q_90/file.jpg | https://static.wixstatic.com/media/2ef057_d3c461bac0b34706aae6ed9de8c69f22~mv2.jpg/v1/fit/w_500,h_500,q_90/file.jpg | https://static.wixstatic.com/media/2ef057_47e807608fa8428faade4009b565936d~mv2.jpg/v1/fit/w_500,h_500,q_90/file.jpg | https://static.wixstatic.com/media/2ef057_bc0cd80eabc14308a64015482b9b929d~mv2.jpg/v1/fit/w_500,h_500,q_90/file.jpg",5,InStock,https://www.le-splendid.events/product-page/tenture,eclairage
TRON-DE-NOEL-003,Trône de Noël,chaises,150,15000,"Plongez vos invités dans la magie des fêtes avec notre majestueux trône de Noël, parfait pour accueillir le Père Noël lors des marchés, animations, séances photo ou événements en entreprise. Ce fauteuil au design chaleureux et élégant deviendra la pièce maîtresse de votre décor de fin d’année.","https://static.wixstatic.com/media/2ef057_4cd63b2fab4b436999c18b061e8a9632~mv2.jpg/v1/fit/w_500,h_500,q_90/file.jpg","https://static.wixstatic.com/media/2ef057_4cd63b2fab4b436999c18b061e8a9632~mv2.jpg/v1/fit/w_500,h_500,q_90/file.jpg",1,InStock,https://www.le-splendid.events/product-page/tr%C3%B4ne-de-no%C3%ABl,trone | structure | animation
CHAI-NAPO-PLEX-004,Chaise Napoleon Plexi,chaises,4,400,"Apportez une touche de prestige à vos événements avec notre chaise Napoléon plexi transparente. Inspirée du style classique, elle est parfaite pour les mariages, banquets, galas, cérémonies et autres réceptions élégantes.","https://static.wixstatic.com/media/2ef057_0ce814192cd3421e929747775952f63f~mv2.png/v1/fit/w_500,h_500,q_90/file.png","https://static.wixstatic.com/media/2ef057_0ce814192cd3421e929747775952f63f~mv2.png/v1/fit/w_500,h_500,q_90/file.png",1,InStock,https://www.le-splendid.events/product-page/chaise-napoleon-plexi,
TOIL-CIRQ-005,Toile cirque,decorations,15,1500,"Toile de fond cirque pour vos photo, idéale pour créer un décor enchanté lors de vos événements.Louée avec son armature pour une installation facile et rapide.","https://static.wixstatic.com/media/2ef057_c4c8e255bf944c3fb18d1c6602910a90~mv2.jpg/v1/fit/w_500,h_500,q_90/file.jpg","https://static.wixstatic.com/media/2ef057_c4c8e255bf944c3fb18d1c6602910a90~mv2.jpg/v1/fit/w_500,h_500,q_90/file.jpg",1,InStock,https://www.le-splendid.events/product-page/toile-cirque,photobooth
PROJ-PAR-LED-006,Projecteur Par Led sur Batterie,machines,20,2000,"Idéale pour sublimer les murs et l'architecture de votre salle.Il dispose d'une autonomie de 12 heures, parfait pour vos mariages, soirées et réceptions.","https://static.wixstatic.com/media/2ef057_8a1a8e309e564e218467c9a2c2f41fea~mv2.jpg/v1/fit/w_500,h_500,q_90/file.jpg","https://static.wixstatic.com/media/2ef057_8a1a8e309e564e218467c9a2c2f41fea~mv2.jpg/v1/fit/w_500,h_500,q_90/file.jpg",1,InStock,https://www.le-splendid.events/product-page/projecteur-par-led-sur-batterie,eclairage
PETI-ROND-DE-007,Petit Rondin de bois,decorations,0.5,50,"Apportez une touche naturelle et rustique à votre décoration avec des petits rondins de bois, parfait pour servir de centre de table.","https://static.wixstatic.com/media/2ef057_5a6add3611064bd39af8e3213568b0c5~mv2.png/v1/fit/w_500,h_500,q_90/file.png","https://static.wixstatic.com/media/2ef057_5a6add3611064bd39af8e3213568b0c5~mv2.png/v1/fit/w_500,h_500,q_90/file.png | https://static.wixstatic.com/media/2ef057_2673c9ebf7ff4d5c8abd62aca41660e0~mv2.jpeg/v1/fit/w_500,h_500,q_90/file.jpg | https://static.wixstatic.com/media/2ef057_62c615c802494bcbbcbe998ea41e9871~mv2.jpeg/v1/fit/w_500,h_500,q_90/file.jpg",3,InStock,https://www.le-splendid.events/product-page/petit-rondin-de-bois,bois | centre_table
TOIL-NOEL-BLAN-008,Toile Noël blanc,decorations,15,1500,Louée avec son armature pour une installation facile et rapide.,"https://static.wixstatic.com/media/2ef057_747c3cdc4fe942c88bd2fe236f514a43~mv2.png/v1/fit/w_500,h_500,q_90/file.png","https://static.wixstatic.com/media/2ef057_747c3cdc4fe942c88bd2fe236f514a43~mv2.png/v1/fit/w_500,h_500,q_90/file.png",1,InStock,https://www.le-splendid.events/product-page/toile-no%C3%ABl-blanc,photobooth
MOLK-009,Molky,decorations,10,1000,"Mölkky, un jeu d'extérieur convivial et amusant, idéal pour animer vos événements. ","https://static.wixstatic.com/media/2ef057_9e66bb97eb7b47b2a932df69459c4449~mv2.jpg/v1/fit/w_500,h_500,q_90/file.jpg","https://static.wixstatic.com/media/2ef057_9e66bb97eb7b47b2a932df69459c4449~mv2.jpg/v1/fit/w_500,h_500,q_90/file.jpg",1,InStock,https://www.le-splendid.events/product-page/molky,jeu
NOEU-MARR-CUIV-010,Noeud marron cuivré organza,housses,0.4,40,"Nœud de chaise, l'accessoire parfait pour sublimer vos chaises lors de vos événements.","https://static.wixstatic.com/media/2ef057_be6899ff2faa423c9bc943457fe6bc7e~mv2.png/v1/fit/w_500,h_500,q_90/file.png","https://static.wixstatic.com/media/2ef057_be6899ff2faa423c9bc943457fe6bc7e~mv2.png/v1/fit/w_500,h_500,q_90/file.png | https://static.wixstatic.com/media/2ef057_bca5d3d7ab144b30a3ffe0f35f258aa3~mv2.jpg/v1/fit/w_500,h_500,q_90/file.jpg | https://static.wixstatic.com/media/2ef057_c1fc272a7d534879b9ef229520af09b7~mv2.jpeg/v1/fit/w_500,h_500,q_90/file.jpg",3,InStock,https://www.le-splendid.events/product-page/noeud-marron-cuivr%C3%A9-organza,noeud
TAPI-ROUG-VENT-011,Tapis rouge (vente au mètre),decorations,5,500,"Apportez une touche d’élégance et de prestige à vos événements avec ce tapis rouge de haute qualité. Idéal pour créer une entrée majestueuse, il sublimera vos mariages, galas, soirées VIP et autres occasions spéciales.","https://static.wixstatic.com/media/2ef057_25158755794a45b3917397ac3e3c9b1f~mv2.jpg/v1/fit/w_500,h_500,q_90/file.jpg","https://static.wixstatic.com/media/2ef057_25158755794a45b3917397ac3e3c9b1f~mv2.jpg/v1/fit/w_500,h_500,q_90/file.jpg",1,InStock,https://www.le-splendid.events/product-page/tapis-rouge-vente-au-m%C3%A8tre,tapis
ARRO-EN-CUIV-012,Arrosoir en cuivre,decorations,5,500,Bel arrosoir en cuivre pour la décoration de votre événement. ,"https://static.wixstatic.com/media/2ef057_818e4f2f9a3b4737851127ad5df8c655~mv2.jpeg/v1/fit/w_500,h_500,q_90/file.jpg","https://static.wixstatic.com/media/2ef057_818e4f2f9a3b4737851127ad5df8c655~mv2.jpeg/v1/fit/w_500,h_500,q_90/file.jpg | https://static.wixstatic.com/media/2ef057_74edb7fb33ef4cfba586a548e6b00ea9~mv2.jpg/v1/fit/w_500,h_500,q_90/file.jpg",2,InStock,https://www.le-splendid.events/product-page/arrosoir-en-cuivre,
CABI-TELE-013,Cabine téléphonique,decorations,150,15000,"Offrez à vos invités une expérience originale avec notre cabine téléphonique !Plongez vos convives dans une ambiance rétro en leur permettant de laisser un message vocal inoubliable lors de votre événement. Le concept est simple : vos invités entrent dans la cabine, décrochent le combiné, écoutent votre message d’accueil personnalisé, puis, après le BIP, ils enregistrent leur message vocal, rempli d’émotion, d’humour ou de souvenirs. La cabine est équipée d’un téléphone avec une capacité de 32 Go, permettant jusqu’à 50 heures d’enregistrement.Tous les messages sont enregistrés directement sur l’appareil et vous seront envoyés via un lien de téléchargement après l’événement. Une animation originale, élégante et pleine de charme, idéale pour un mariage, un anniversaire ou tout autre moment unique.","https://static.wixstatic.com/media/2ef057_21b7b54ef0d14d4aac306a105780e267~mv2.png/v1/fit/w_500,h_500,q_90/file.png","https://static.wixstatic.com/media/2ef057_21b7b54ef0d14d4aac306a105780e267~mv2.png/v1/fit/w_500,h_500,q_90/file.png",1,InStock,https://www.le-splendid.events/product-page/cabine-t%C3%A9l%C3%A9phonique,animation | cabine_photo
MACH-A-FUME-014,Machine à fumée lourde,machines,30,3000,"Machine à fumée lourde, idéale pour créer un effet de &quot;brouillard au sol&quot; lors de vos événements.Fonctionnant à ultrasons et avec de l’eau, elle génère une fumée dense qui reste près du sol, parfaite pour des moments magiques comme les ouvertures de bal. Cette machine est simple à utiliser.Consommable inclu.","https://static.wixstatic.com/media/2ef057_9bd38f78e54742bb8f3e4f268115bb10~mv2.jpg/v1/fit/w_500,h_500,q_90/file.jpg","https://static.wixstatic.com/media/2ef057_9bd38f78e54742bb8f3e4f268115bb10~mv2.jpg/v1/fit/w_500,h_500,q_90/file.jpg | https://static.wixstatic.com/media/2ef057_66d0885c194a4d9b8f0d234d955a6f67~mv2.jpg/v1/fit/w_500,h_500,q_90/file.jpg | https://static.wixstatic.com/media/2ef057_ec6d9847a77d4c96a39788709a776e32~mv2.jpg/v1/fit/w_500,h_500,q_90/file.jpg",3,InStock,https://www.le-splendid.events/product-page/machine-%C3%A0-fum%C3%A9e-lourde,machine
NAPP-ROND-BLEU-015,Nappe ronde bleue,nappes,9,900,"Nappe en tissu rondeCette nappe élégante et résistante est parfaite pour habiller vos tables lors de réceptions et d'événements.Cependant, faites attention à l'utilisation de bougies et de cierges magiques, car ils peuvent endommager la nappes.Matière : 100 % cotonGrammage : 400 g/m²Ce matériel est loué propre et défroissé. Pour une finition parfaite, nous vous conseillons d'utiliser un fer à repasser avant l'événement.Le nettoyage est assuré par nos soins.","https://static.wixstatic.com/media/2ef057_7474da3caba04840b50b7d292677d080~mv2.png/v1/fit/w_500,h_500,q_90/file.png","https://static.wixstatic.com/media/2ef057_7474da3caba04840b50b7d292677d080~mv2.png/v1/fit/w_500,h_500,q_90/file.png | https://static.wixstatic.com/media/2ef057_f63264cce16542b68d2db9fc54c0b2cf~mv2.jpeg/v1/fit/w_500,h_500,q_90/file.jpg | https://static.wixstatic.com/media/2ef057_88117912b129487cb7f9895e46d856fa~mv2.jpeg/v1/fit/w_500,h_500,q_90/file.jpg",3,InStock,https://www.le-splendid.events/product-page/nappe-ronde-bleue,nappe
PUIS-GEAN-016,Puissance 4 géant,decorations,50,5000,"Amusez petits et grands avec ce Puissance 4 géant, un jeu incontournable pour animer vos événements.Idéal pour les mariages, anniversaires, ou fêtes en plein air, il offre une animation ludique et interactive pour vos convives.Sa taille imposante ajoute une dimension fun à ce classique des jeux de stratégie. ","https://static.wixstatic.com/media/2ef057_4ac114683bcc44508d64a70a48867cd2~mv2.jpg/v1/fit/w_500,h_500,q_90/file.jpg","https://static.wixstatic.com/media/2ef057_4ac114683bcc44508d64a70a48867cd2~mv2.jpg/v1/fit/w_500,h_500,q_90/file.jpg | https://static.wixstatic.com/media/2ef057_1eaf80b652424f979f474c29817fb73d~mv2.jpeg/v1/fit/w_500,h_500,q_90/file.jpg | https://static.wixstatic.com/media/2ef057_8f4402c7780041d8af72dc2e83b4176d~mv2.jpeg/v1/fit/w_500,h_500,q_90/file.jpg",3,InStock,https://www.le-splendid.events/product-page/puissance-4-g%C3%A9ant,animation | jeu
ARCH-HEXA-017,Arche hexagonale,decorations,40,4000,L'arche hexagonale est idéale pour ajouter une touche moderne et élégante à votre événement.Un voilage blanc est fourni avec l'arche.Aucun support ni ornement n'est fourni.L'arche est transportée démontée et nécessite un montage avant utilisation.,"https://static.wixstatic.com/media/2ef057_7d4581c7007e4eb4a1b3cfdf1638cbae~mv2.jpg/v1/fit/w_500,h_500,q_90/file.jpg","https://static.wixstatic.com/media/2ef057_7d4581c7007e4eb4a1b3cfdf1638cbae~mv2.jpg/v1/fit/w_500,h_500,q_90/file.jpg | https://static.wixstatic.com/media/2ef057_f5d3b5a9857e42ffb45f482eb6c49e91~mv2.jpg/v1/fit/w_500,h_500,q_90/file.jpg | https://static.wixstatic.com/media/2ef057_e715ae13da5547c4a3fa7743e10acdb2~mv2.jpg/v1/fit/w_500,h_500,q_90/file.jpg | https://static.wixstatic.com/media/2ef057_40f55b0cc5cd402196adf1b4388730f1~mv2.jpg/v1/fit/w_500,h_500,q_90/file.jpg | https://static.wixstatic.com/media/2ef057_e227f9d063ac436994fc38d0c29e673f~mv2.jpg/v1/fit/w_500,h_500,q_90/file.jpg | https://static.wixstatic.com/media/2ef057_d5ef19b878974a9d86b04a31f4c228f9~mv2.jpeg/v1/fit/w_500,h_500,q_90/file.jpg",6,InStock,https://www.le-splendid.events/product-page/arche-hexagonale,structure
LIVR-AUDI-PLUS-018,Livre audio (plusieurs coloris),decorations,60,6000,"Offrez à vos invités une expérience unique en leur permettant de laisser un message vocal lors de votre événement !Vos invités décrochent le combiné, écoutent votre répondeur personnalisé, puis, après le BIP, ils peuvent enregistrer leurs propres messages.Le téléphone dispose d'une capacité de 32 Go, (~50 heures d’enregistrement).Les messages sont stockés directement sur l’appareil, et vous serront envoyé par un lien de téléchargement.","https://static.wixstatic.com/media/2ef057_ae6be6942f4f4a3db1c0c12d985ab028~mv2.png/v1/fit/w_500,h_500,q_90/file.png","https://static.wixstatic.com/media/2ef057_ae6be6942f4f4a3db1c0c12d985ab028~mv2.png/v1/fit/w_500,h_500,q_90/file.png | https://static.wixstatic.com/media/2ef057_cd3afd042a4148e2896f2ff8edcbc7fe~mv2.jpg/v1/fit/w_500,h_500,q_90/file.jpg | https://static.wixstatic.com/media/2ef057_02907c30be3a459b8b2aebb26364a3fa~mv2.jpg/v1/fit/w_500,h_500,q_90/file.jpg | https://static.wixstatic.com/media/2ef057_002a4ef8b005491f97cae2556e0b04e3~mv2.jpg/v1/fit/w_500,h_500,q_90/file.jpg",4,InStock,https://www.le-splendid.events/product-page/livre-audio,livre_dor
PUPI-BOIS-019,Pupitre bois,decorations,20,2000,"Ce pupitre en bois apporte une touche élégante et naturelle à vos événements. Parfait pour les cérémonies, conférences, discours ou mariages, il s'intègre idéalement dans une décoration rustique ou champêtre.","https://static.wixstatic.com/media/2ef057_ac73e4400f2646ca89790852d09bacc7~mv2.png/v1/fit/w_500,h_500,q_90/file.png","https://static.wixstatic.com/media/2ef057_ac73e4400f2646ca89790852d09bacc7~mv2.png/v1/fit/w_500,h_500,q_90/file.png | https://static.wixstatic.com/media/2ef057_1105a6ef5fcd4258bdd46297c8ca7807~mv2.png/v1/fit/w_500,h_500,q_90/file.png | https://static.wixstatic.com/media/2ef057_50c797c77d234d7c917bc1ae1b6e9829~mv2.jpg/v1/fit/w_500,h_500,q_90/file.jpg | https://static.wixstatic.com/media/2ef057_615653f4ba304dfa9a4243133c741625~mv2.jpg/v1/fit/w_500,h_500,q_90/file.jpg | https://static.wixstatic.com/media/2ef057_ddc2e8715b8b4df1860e12a5d1f4487a~mv2.jpg/v1/fit/w_500,h_500,q_90/file.jpg",5,InStock,https://www.le-splendid.events/product-page/pupitre-bois,pupitre
COLO-GOLD-020,Colonne gold,decorations,9,900,"Colonne métal gold, idéale en centre de table pour une décoration florale spectaculaire qui ne coupera pas la vision de vos invités.Location hors fleurs.","https://static.wixstatic.com/media/2ef057_a6e39059fc564cac9259ea2d10d75c58~mv2.jpg/v1/fit/w_500,h_500,q_90/file.jpg","https://static.wixstatic.com/media/2ef057_a6e39059fc564cac9259ea2d10d75c58~mv2.jpg/v1/fit/w_500,h_500,q_90/file.jpg | https://static.wixstatic.com/media/2ef057_089af15dc5cd4313806708998aff6547~mv2.jpg/v1/fit/w_500,h_500,q_90/file.jpg | https://static.wixstatic.com/media/2ef057_51e14773913247e09d640674814be26d~mv2.jpeg/v1/fit/w_500,h_500,q_90/file.jpg | https://static.wixstatic.com/media/2ef057_e0e7ce12bb78466eae8e2feacf6b1b51~mv2.png/v1/fit/w_500,h_500,q_90/file.png | https://static.wixstatic.com/media/2ef057_9d1a184eb47f4aee92bb86b9712fdd52~mv2.jpeg/v1/fit/w_500,h_500,q_90/file.jpg",5,InStock,https://www.le-splendid.events/product-page/colonne-gold,structure | centre_table
RIDE-LED-M-021,Rideau LED (3m),decorations,30,3000,"Ajoutez une touche féerique à vos événements avec ce rideau LED. Parfait pour créer une ambiance magique lors de mariages, soirées ou fêtes, il illumine votre espace avec des lumières scintillantes. Facile à installer, il peut être utilisé en arrière-plan pour des photos mémorables ou pour habiller vos murs et structures.","https://static.wixstatic.com/media/2ef057_91bfa68585e44dc8a264ef7f3d5cad6f~mv2.jpg/v1/fit/w_500,h_500,q_90/file.jpg","https://static.wixstatic.com/media/2ef057_91bfa68585e44dc8a264ef7f3d5cad6f~mv2.jpg/v1/fit/w_500,h_500,q_90/file.jpg | https://static.wixstatic.com/media/2ef057_42fff55aa81d4e99a8c896df4fed58f8~mv2.jpg/v1/fit/w_500,h_500,q_90/file.jpg | https://static.wixstatic.com/media/2ef057_b8e099a0a7db4159b8a6e124fcc59e63~mv2.jpg/v1/fit/w_500,h_500,q_90/file.jpg | https://static.wixstatic.com/media/2ef057_bdbee2a3c8e44521a6d642b75c7e21fa~mv2.jpeg/v1/fit/w_500,h_500,q_90/file.jpg",4,InStock,https://www.le-splendid.events/product-page/rideau-led,eclairage
NOEU-MULT-TULL-022,Noeud multicolore tulle,housses,0.4,40,"Nœud de chaise, l'accessoire parfait pour sublimer vos chaises lors de vos événements.","https://static.wixstatic.com/media/2ef057_622800952e3d4304a447f9711e4067a8~mv2.png/v1/fit/w_500,h_500,q_90/file.png","https://static.wixstatic.com/media/2ef057_622800952e3d4304a447f9711e4067a8~mv2.png/v1/fit/w_500,h_500,q_90/file.png | https://static.wixstatic.com/media/2ef057_caa62a40c03b4ca0ac1ef96213a2f97d~mv2.jpeg/v1/fit/w_500,h_500,q_90/file.jpg",2,InStock,https://www.le-splendid.events/product-page/noeud-multicolore-tulle,noeud
NOEU-JAUN-LYCR-023,Noeud jaune lycra,housses,0.5,50,"Nœud de chaise, l'accessoire parfait pour sublimer vos chaises lors de vos événements.","https://static.wixstatic.com/media/2ef057_4e97d968b7a14034b948a4e8946e075e~mv2.png/v1/fit/w_500,h_500,q_90/file.png","https://static.wixstatic.com/media/2ef057_4e97d968b7a14034b948a4e8946e075e~mv2.png/v1/fit/w_500,h_500,q_90/file.png | https://static.wixstatic.com/media/2ef057_5717fbdaeaf94537aa86c129cec24718~mv2.jpg/v1/fit/w_500,h_500,q_90/file.jpg",2,InStock,https://www.le-splendid.events/product-page/noeud-jaune-lycra,noeud
DIST-DE-BOIS-024,Distributeur de boisson,machines,3,300,Distributeur de boisson de 3L.⚠️Ce matériel est loué propre.Le matériel doit être rendu propre.Frais de nétoyage 10€.,"https://static.wixstatic.com/media/2ef057_6664a30563aa4d73b8bdfc172bb7fae2~mv2.jpg/v1/fit/w_500,h_500,q_90/file.jpg","https://static.wixstatic.com/media/2ef057_6664a30563aa4d73b8bdfc172bb7fae2~mv2.jpg/v1/fit/w_500,h_500,q_90/file.jpg",1,InStock,https://www.le-splendid.events/product-page/distributeur-de-boisson,distributeur
TOIL-BABY-BOY-025,Toile Baby boy,decorations,15,1500,Louée avec son armature pour une installation facile et rapide.,"https://static.wixstatic.com/media/2ef057_c60e131e6d3b4499a71b37819a7ae2fd~mv2.jpg/v1/fit/w_500,h_500,q_90/file.jpg","https://static.wixstatic.com/media/2ef057_c60e131e6d3b4499a71b37819a7ae2fd~mv2.jpg/v1/fit/w_500,h_500,q_90/file.jpg",1,InStock,https://www.le-splendid.events/product-page/toile-baby-boy,photobooth | bapteme
MIRO-PREN-026,MiroirBooth prenium,decorations,200,20000,"Apportez une touche d’originalité à votre événement avec notre Mirror Booth. Il capture des photos de plein pied tout en offrant un effet miroir unique qui reflète parfaitement vos invités. Le Mirror Booth permet à vos convives de se photographier dans leur intégralité, avec un rendu miroir élégant.Idéal pour mariages, anniversaires, soirées d’entreprise ou tout autre événement festif, il crée des souvenirs inoubliables. ","https://static.wixstatic.com/media/2ef057_c0045e1d3e0641719c36d6a71fde7482~mv2.jpg/v1/fit/w_500,h_500,q_90/file.jpg","https://static.wixstatic.com/media/2ef057_c0045e1d3e0641719c36d6a71fde7482~mv2.jpg/v1/fit/w_500,h_500,q_90/file.jpg | https://static.wixstatic.com/media/2ef057_f6c17ffe6954411cbaadc08bf239282b~mv2.jpeg/v1/fit/w_500,h_500,q_90/file.jpg | https://static.wixstatic.com/media/2ef057_c2ddacf3979042b6908c9723d8634d7a~mv2.jpg/v1/fit/w_500,h_500,q_90/file.jpg | https://static.wixstatic.com/media/2ef057_635dfd7500f9491888801fb8b3434d84~mv2.png/v1/fit/w_500,h_500,q_90/file.png | https://static.wixstatic.com/media/2ef057_029ad3e5122d4a3c9f13f2ad894f1b88~mv2.jpg/v1/fit/w_500,h_500,q_90/file.jpg | https://static.wixstatic.com/media/2ef057_2853b6468d9348bb9be960441ab25e2f~mv2.jpg/v1/fit/w_500,h_500,q_90/file.jpg",6,InStock,https://www.le-splendid.events/product-page/mirroirbooth,photobooth
PUPI-FER-FORG-027,Pupitre fer forgé,decorations,20,2000,Apportez une touche d'élégance à vos cérémonies et événements avec ce pupitre en fer forgé blanc.,"https://static.wixstatic.com/media/2ef057_66b32b98547e453da560f277fb189662~mv2.webp/v1/fit/w_500,h_500,q_90/file.webp","https://static.wixstatic.com/media/2ef057_66b32b98547e453da560f277fb189662~mv2.webp/v1/fit/w_500,h_500,q_90/file.webp",1,InStock,https://www.le-splendid.events/product-page/pupitre-fer-forg%C3%A9,pupitre
MACH-A-POPC-028,Machine à popcorn,machines,50,5000,"Machine à popcorn, idéale pour apporter une ambiance festive et gourmande à vos événements. Facile à utiliser, elle permet de préparer du popcorn frais en quelques minutes, pour régaler vos invités lors de mariages, fêtes ou soirées cinéma.Les consommables (maïs, huile, sucre et sachet) ne sont pas inclus.⚠️Ce matériel est loué propre.Le matériel doit être rendu propre.Frais de nettoyage 25€","https://static.wixstatic.com/media/2ef057_1d45ae5a91804c4fa2782788e817ab97~mv2.jpg/v1/fit/w_500,h_500,q_90/file.jpg","https://static.wixstatic.com/media/2ef057_1d45ae5a91804c4fa2782788e817ab97~mv2.jpg/v1/fit/w_500,h_500,q_90/file.jpg",1,InStock,https://www.le-splendid.events/product-page/machine-%C3%A0-popcorn,machine
NUME-DE-TABL-029,Numéros de table jute,decorations,2,200,"Numéros de table en toile de jute (lot de 12), parfaits pour vos centres de table. Ces numéros en toile de jute sont conçus pour être enroulés autour d'une bouteille ou d'un petit vase, apportant une touche élégante et rustique à vos décorations de table. Idéals pour identifier facilement le numéro de chaque table lors de vos réceptions.","https://static.wixstatic.com/media/2ef057_a9f9abb3840c419482fb72e9e792284a~mv2.jpg/v1/fit/w_500,h_500,q_90/file.jpg","https://static.wixstatic.com/media/2ef057_a9f9abb3840c419482fb72e9e792284a~mv2.jpg/v1/fit/w_500,h_500,q_90/file.jpg | https://static.wixstatic.com/media/2ef057_eb42185aa28b42eda6549af162229e6c~mv2.jpg/v1/fit/w_500,h_500,q_90/file.jpg",2,InStock,https://www.le-splendid.events/product-page/num%C3%A9ros-de-table-jute,centre_table | numeros
MACH-A-FUME-030,Machine à fumée,machines,15,1500,"Machine à fumée, parfaite pour ajouter une ambiance spectaculaire à vos événements.Avec un temps de chauffe d’environ 2 minutes, cette machine est prête rapidement pour diffuser une fumée légère, idéale pour sublimer les jeux de lumière et créer une atmosphère unique.Elle est autonome et peut être utilisée en intérieur ou en extérieur.Consommable inclu.","https://static.wixstatic.com/media/2ef057_a335572e27e44636897f052726310ee7~mv2.jpg/v1/fit/w_500,h_500,q_90/file.jpg","https://static.wixstatic.com/media/2ef057_a335572e27e44636897f052726310ee7~mv2.jpg/v1/fit/w_500,h_500,q_90/file.jpg",1,InStock,https://www.le-splendid.events/product-page/machine-%C3%A0-fum%C3%A9e,machine
MACH-A-FUME-031,Machine à fumée lourde Pro,machines,80,8000,Machine à fumée lourde Pro avec un débit impressionnant. Cette machine est idéale pour créer un effet de brouillard au sol saisissant. ,"https://static.wixstatic.com/media/2ef057_c5e4539f8ee4433daca1b28fadaee978~mv2.webp/v1/fit/w_500,h_500,q_90/file.webp","https://static.wixstatic.com/media/2ef057_c5e4539f8ee4433daca1b28fadaee978~mv2.webp/v1/fit/w_500,h_500,q_90/file.webp | https://static.wixstatic.com/media/2ef057_efece8817a704d8184ec85de1b9c5ccf~mv2.webp/v1/fit/w_500,h_500,q_90/file.webp",2,InStock,https://www.le-splendid.events/product-page/machine-%C3%A0-fum%C3%A9e-lourde-pro,machine
NUD-EN-TOIL-032,"Nœud en toile de jute (Mr/Mrs, Mr/Mr, Mrs/Mrs)",decorations,2,200,"Ces nœuds en toile de jute, spécialement conçus pour les dossiers des chaises des mariés, ajoutent une touche rustique et romantique à votre décoration de mariage.Disponibles avec les inscriptions Mr/Mrs, Mr/Mr, ou Mrs/Mrs.","https://static.wixstatic.com/media/2ef057_fd88fd38bd2244869f5a2b7718267cd0~mv2.jpg/v1/fit/w_500,h_500,q_90/file.jpg","https://static.wixstatic.com/media/2ef057_fd88fd38bd2244869f5a2b7718267cd0~mv2.jpg/v1/fit/w_500,h_500,q_90/file.jpg | https://static.wixstatic.com/media/2ef057_44d5181a6479497dafa4f06e4f6d3790~mv2.webp/v1/fit/w_500,h_500,q_90/file.webp",2,InStock,https://www.le-splendid.events/product-page/n%C5%93ud-en-toile-de-jute-mr-mrs-mr-mr-mrs-mrs,
TABL-ROND-PERS-033,Table ronde (~8 pers),tables,12,1200,"Apportez élégance et convivialité à vos événements grâce à notre table ronde de 150 cm de diamètre, parfaite pour accueillir confortablement 8 personnes. Idéale pour un mariage, un anniversaire, une réception ou un événement d’entreprise, elle favorise les échanges et crée une ambiance chaleureuse.","https://static.wixstatic.com/media/2ef057_f3586ae540e44266bf868b62cb31af8b~mv2.jpg/v1/fit/w_500,h_500,q_90/file.jpg","https://static.wixstatic.com/media/2ef057_f3586ae540e44266bf868b62cb31af8b~mv2.jpg/v1/fit/w_500,h_500,q_90/file.jpg | https://static.wixstatic.com/media/2ef057_e63610664cc247c992bf6ae8987ef6f6~mv2.jpg/v1/fit/w_500,h_500,q_90/file.jpg | https://static.wixstatic.com/media/2ef057_ad96fa90b96b4d22a1e1ae441d128819~mv2.jpg/v1/fit/w_500,h_500,q_90/file.jpg",3,InStock,https://www.le-splendid.events/product-page/table-ronde-8-10-pers,
HOUS-ARCH-BACK-034,Housse arches backdrop (lot de 3),housses,15,1500,"Ce lot de 3 backdrops, avec ou sans lycra, est parfait pour créer une décoration élégante et personnalisée. Idéal pour les compositions avec des ballons, fleurs ou pour un décor plus minimaliste. Aucun support ni ornement n'est inclus.Les backdrops sont transportés démontés et nécessitent un montage avant utilisation.","https://static.wixstatic.com/media/2ef057_64260e60f9a94977ae25ac423de6bb32~mv2.jpg/v1/fit/w_500,h_500,q_90/file.jpg","https://static.wixstatic.com/media/2ef057_64260e60f9a94977ae25ac423de6bb32~mv2.jpg/v1/fit/w_500,h_500,q_90/file.jpg | https://static.wixstatic.com/media/2ef057_a1221a3ee78a4a73b5fe035186d4731e~mv2.jpg/v1/fit/w_500,h_500,q_90/file.jpg | https://static.wixstatic.com/media/2ef057_799178e051a548a4817381241bf15872~mv2.jpg/v1/fit/w_500,h_500,q_90/file.jpg",3,InStock,https://www.le-splendid.events/product-page/backdrop-arche,structure | ballons | centre_table
TOUR-035,Touret,decorations,15,1500,Touret en bois idéal pour une décoration champêtre ou rustique. Parfait pour apporter une ambiance authentique à vos événements.,"https://static.wixstatic.com/media/2ef057_7645ba473ff64552aaf8fb556be19310~mv2.png/v1/fit/w_500,h_500,q_90/file.png","https://static.wixstatic.com/media/2ef057_7645ba473ff64552aaf8fb556be19310~mv2.png/v1/fit/w_500,h_500,q_90/file.png | https://static.wixstatic.com/media/2ef057_926c8fe407eb41aa932f9d77cc06fbcd~mv2.jpeg/v1/fit/w_500,h_500,q_90/file.jpg",2,InStock,https://www.le-splendid.events/product-page/touret,
BONB-EN-VERR-036,Bonbonnières en verre (lot de 5),decorations,10,1000,"Lot de 5 bonbonnières en verre, idéal pour vos décorations de table ou candy bar.Les formes et contenances aléatoires. ⚠️Ce matériel est loué propre. Le matériel doit être rendu propre. Frais de nétoyage 10€","https://static.wixstatic.com/media/2ef057_b5379303928f4c3f9bc5a722ed02c3fc~mv2.jpg/v1/fit/w_500,h_500,q_90/file.jpg","https://static.wixstatic.com/media/2ef057_b5379303928f4c3f9bc5a722ed02c3fc~mv2.jpg/v1/fit/w_500,h_500,q_90/file.jpg",1,InStock,https://www.le-splendid.events/product-page/bonbonni%C3%A8res-en-verre-lot-de-5,
ROND-DE-BOIS-037,Rondin de bois,decorations,1,100,"Apportez une touche naturelle et rustique à votre décoration avec des rondins de bois, parfait pour servir de centre de table. Idéal pour les mariages, les réceptions ou les événements à thème champêtre, il peut être agrémenté de vases, bougies ou autres décorations.","https://static.wixstatic.com/media/2ef057_320637cf942543d7b17aeebbdde5861c~mv2.png/v1/fit/w_500,h_500,q_90/file.png","https://static.wixstatic.com/media/2ef057_320637cf942543d7b17aeebbdde5861c~mv2.png/v1/fit/w_500,h_500,q_90/file.png | https://static.wixstatic.com/media/2ef057_a02436f47b4141f38f06e0c1a47c1866~mv2.jpeg/v1/fit/w_500,h_500,q_90/file.jpg | https://static.wixstatic.com/media/2ef057_52a827f70b764e8ca16cf24594556ed9~mv2.jpg/v1/fit/w_500,h_500,q_90/file.jpg",3,InStock,https://www.le-splendid.events/product-page/rondin-de-bois,bois | centre_table
TOIL-PERE-NOEL-038,Toile Père-noël cheminée,nappages,15,1500,Louée avec son armature pour une installation facile et rapide.,"https://static.wixstatic.com/media/2ef057_b258b89bf12048dd8ba6f169d22df208~mv2.webp/v1/fit/w_500,h_500,q_90/file.webp","https://static.wixstatic.com/media/2ef057_b258b89bf12048dd8ba6f169d22df208~mv2.webp/v1/fit/w_500,h_500,q_90/file.webp",1,InStock,https://www.le-splendid.events/product-page/toile-p%C3%A8re-no%C3%ABl-chemin%C3%A9e,
MUR-CHAM-BOIS-039,Mur champagne bois,tables,50,5000,"Offrez une présentation chic et originale à vos réceptions avec notre mur à champagne pouvant accueillir jusqu’à 40 coupes (non fournies).Idéale pour un mariage, un cocktail ou un événement haut de gamme.","https://static.wixstatic.com/media/2ef057_1f903b637c224ba88e4ef90c413a7429~mv2.png/v1/fit/w_500,h_500,q_90/file.png","https://static.wixstatic.com/media/2ef057_1f903b637c224ba88e4ef90c413a7429~mv2.png/v1/fit/w_500,h_500,q_90/file.png",1,InStock,https://www.le-splendid.events/product-page/mur-champagne-bois,
MACH-A-FUME-040,Machine à fumée effet CO2,machines,30,3000,Machine à fumée effet CO2,"https://static.wixstatic.com/media/2ef057_4c2622e085824fa2a71422f780843259~mv2.webp/v1/fit/w_500,h_500,q_90/file.webp","https://static.wixstatic.com/media/2ef057_4c2622e085824fa2a71422f780843259~mv2.webp/v1/fit/w_500,h_500,q_90/file.webp",1,InStock,https://www.le-splendid.events/product-page/machine-%C3%A0-fum%C3%A9e-effet-co2,machine
PERC-CAFE-041,Percolateur café,vaisselle_service,20,2000,"Préparez de grandes quantités de café rapidement et facilement grâce à nos percolateurs professionnels, idéaux pour vos réceptions, événements d’entreprise, foires ou fêtes familiales. Leur grande capacité vous permet de servir un grand nombre de convives sans interruption. Modèle 7 L : prépare jusqu’à 55 tasses de café, adapté aux événements de taille moyenne.Ce percolateur en inox garantis une chauffe rapide et un maintien au chaud optimal, tout en assurant un café savoureux du début à la fin du service. ⚠️Ce matériel est loué propre.Le matériel doit être rendu propre.Frais de nétoyage 10€.","https://static.wixstatic.com/media/2ef057_ff28edb02797424fb0284fdb3bb3fb60~mv2.webp/v1/fit/w_500,h_500,q_90/file.webp","https://static.wixstatic.com/media/2ef057_ff28edb02797424fb0284fdb3bb3fb60~mv2.webp/v1/fit/w_500,h_500,q_90/file.webp",1,InStock,https://www.le-splendid.events/product-page/percolateur-caf%C3%A9,
STRU-GONF-CARR-042,Structure gonflable Carrousel Blanc,decorations,225,22500,"Le château gonflable carrousel blanc est spécialement conçu pour les mariages.Élégant et original, il constitue une animation unique et amusante pour divertir les enfants pendant votre réception. Son toit intégré offre une protection contre la pluie comme contre les rayons du soleil, garantissant confort et sécurité, quelles que soient les conditions météo. Il doit être installé sur une surface plane, dégagée et sans cailloux pour assurer sa stabilité et la sécurité des enfants. Conforme à la norme NEN-EN 14960, avec certificat délivré par un organisme de contrôle agréé.","https://static.wixstatic.com/media/2ef057_ddcae3c7b9854a3d8b45bbea9c3dde08~mv2.png/v1/fit/w_500,h_500,q_90/file.png","https://static.wixstatic.com/media/2ef057_ddcae3c7b9854a3d8b45bbea9c3dde08~mv2.png/v1/fit/w_500,h_500,q_90/file.png | https://static.wixstatic.com/media/2ef057_6305f59c1a434049976a3f4de9a0ec82~mv2.webp/v1/fit/w_500,h_500,q_90/file.webp | https://static.wixstatic.com/media/2ef057_2c7d7b3a803a4b1c82a13ac44923c71d~mv2.webp/v1/fit/w_500,h_500,q_90/file.webp",3,InStock,https://www.le-splendid.events/product-page/structure-gonflable-carrousel-blanc,animation | gonflable | livre_dor
STRU-GONF-JUNG-043,Structure gonflable Jungle,decorations,210,21000,"Parfaite pour divertir les petits lors de vos événements.Filets de sécurité pour une visibilité et une surveillance optimale des enfants.Obstacles et toboggan intégrés pour des heures d'amusement=;Toboggan en façade pour faciliter la surveillance et l'accès.Elle doit être mise en place dans une zone dégagée, plane et exempte de cailloux pour garantir stabilité et sécurité.Certificat de l'organisme de contrôle selon NEN-EN 14960Jusqu'à 14 enfants","https://static.wixstatic.com/media/2ef057_45a497509d664c68864f81352dc7415c~mv2.png/v1/fit/w_500,h_500,q_90/file.png","https://static.wixstatic.com/media/2ef057_45a497509d664c68864f81352dc7415c~mv2.png/v1/fit/w_500,h_500,q_90/file.png | https://static.wixstatic.com/media/2ef057_60e94f5de81a49e1b7511f05be4a99c8~mv2.jpg/v1/fit/w_500,h_500,q_90/file.jpg | https://static.wixstatic.com/media/2ef057_e807f727dcad464f945fbfdc8a6cada5~mv2.jpg/v1/fit/w_500,h_500,q_90/file.jpg | https://static.wixstatic.com/media/2ef057_8826a88f340047b4b87c31877e902363~mv2.jpg/v1/fit/w_500,h_500,q_90/file.jpg | https://static.wixstatic.com/media/2ef057_03a69ac9a80a4c7a8c618b752b27b13a~mv2.jpg/v1/fit/w_500,h_500,q_90/file.jpg",5,InStock,https://www.le-splendid.events/product-page/structure-gonflable-jungle,gonflable
CHAI-BIST-044,Chaise Bistrot,decorations,5,500,"La chaise bistrot Capri allie robustesse et confort grâce à sa fabrication en résine imitation bois de qualité. Elle apporte une touche naturelle et authentique à tout espace, s’intégrant facilement à différents styles de décoration.","https://static.wixstatic.com/media/2ef057_c65765bf85ae40188a9260b2b603e0d2~mv2.jpg/v1/fit/w_500,h_500,q_90/file.jpg","https://static.wixstatic.com/media/2ef057_c65765bf85ae40188a9260b2b603e0d2~mv2.jpg/v1/fit/w_500,h_500,q_90/file.jpg | https://static.wixstatic.com/media/2ef057_f0a0d015b3274e3b9a9ddfe2a1f9a7b3~mv2.jpg/v1/fit/w_500,h_500,q_90/file.jpg | https://static.wixstatic.com/media/2ef057_7e46bc20ed7247739376465d05ea719f~mv2.avif/v1/fit/w_500,h_500,q_90/file.webp",3,InStock,https://www.le-splendid.events/product-page/chaise-bistrot,
CHAI-PLIA-045,Chaise pliante,chaises,2,200,"Alliez confort et style avec notre chaise pliante blanche, parfaite pour toutes sortes de fêtes et d’événements. Légère et facile à transporter, elle s’adapte aussi bien aux cérémonies, réceptions, repas ou conférences, en intérieur comme en extérieur (par temps sec).","https://static.wixstatic.com/media/2ef057_df58bfddba074a49b461cc4566d006b3~mv2.jpg/v1/fit/w_500,h_500,q_90/file.jpg","https://static.wixstatic.com/media/2ef057_df58bfddba074a49b461cc4566d006b3~mv2.jpg/v1/fit/w_500,h_500,q_90/file.jpg",1,InStock,https://www.le-splendid.events/product-page/chaise-pliante,
CAND-BAR-PREN-046,Candy bar prenium,tables,60,6000,"Rassemblez vos convives autour d'un bar à bonbons, une véritable source de plaisir pour petits et grands !Il apportera également une touche décorative à votre salle. ","https://static.wixstatic.com/media/2ef057_13b936d2e7e5471bab14a677f67b4d1e~mv2.png/v1/fit/w_500,h_500,q_90/file.png","https://static.wixstatic.com/media/2ef057_13b936d2e7e5471bab14a677f67b4d1e~mv2.png/v1/fit/w_500,h_500,q_90/file.png | https://static.wixstatic.com/media/2ef057_b63f5d3adc1b460892599a5c8463fc37~mv2.jpeg/v1/fit/w_500,h_500,q_90/file.jpg | https://static.wixstatic.com/media/2ef057_d25cf090fc6f4785bf7140c5ca7bb7ce~mv2.jpeg/v1/fit/w_500,h_500,q_90/file.jpg | https://static.wixstatic.com/media/2ef057_9378aee8745e46578eb02b9ff919bfa8~mv2.jpeg/v1/fit/w_500,h_500,q_90/file.jpg | https://static.wixstatic.com/media/2ef057_b2f72e03471045b4ba91b0e703ed9479~mv2.jpeg/v1/fit/w_500,h_500,q_90/file.jpg | https://static.wixstatic.com/media/2ef057_1994c8b9f62942eda7a38be9865ef0f5~mv2.jpg/v1/fit/w_500,h_500,q_90/file.jpg | https://static.wixstatic.com/media/2ef057_7d995990e0f044bfa5843e72e234a09c~mv2.jpg/v1/fit/w_500,h_500,q_90/file.jpg",7,InStock,https://www.le-splendid.events/product-page/candy-bar-prenium,
BAND-JUST-MARR-047,Banderole ‘’Just married’’ (lot 3),decorations,2,200,Lot de 3 guirlandes en fanions de toile de jute.2 guirlandes avec des cœurs et 1 guirlande &quot;Just Married&quot;.,"https://static.wixstatic.com/media/2ef057_00c524bcca404349930601cec1e467dc~mv2.jpg/v1/fit/w_500,h_500,q_90/file.jpg","https://static.wixstatic.com/media/2ef057_00c524bcca404349930601cec1e467dc~mv2.jpg/v1/fit/w_500,h_500,q_90/file.jpg",1,InStock,https://www.le-splendid.events/product-page/banderole-just-married-lot-3,
MACH-A-BARB-048,Machine à Barbe à Papa,machines,50,5000,"Machine à barbe à papa, parfaite pour ajouter une touche gourmande à vos événements.Les consommables (sucre et bâtons) ne sont pas inclus.Ajoutez de la douceur à vos fêtes en enchantant petits et grands avec des barbes à papa délicieusement légères ! ⚠️Ce matériel est loué propre.Le matériel doit être rendu propre.Frais de nettoyage 15€","https://static.wixstatic.com/media/2ef057_3b4fea440e0e4cc0ad136ff8362a1d22~mv2.jpeg/v1/fit/w_500,h_500,q_90/file.jpg","https://static.wixstatic.com/media/2ef057_3b4fea440e0e4cc0ad136ff8362a1d22~mv2.jpeg/v1/fit/w_500,h_500,q_90/file.jpg",1,InStock,https://www.le-splendid.events/product-page/machine-%C3%A0-barbe-%C3%A0-papa,machine
NAPP-RECT-BLAN-049,Nappe rectangulaire blanche,nappes,9,900,"Nappe en tissu rectangulaire Cette nappe élégante et résistante est parfaite pour habiller vos tables lors de réceptions et d'événements.Cependant, faites attention à l'utilisation de bougies et de cierges magiques, car ils peuvent endommager la nappes.Pour la table des enfants, nous recommandons plutôt l'utilisation d'une nappe en intissé pour plus de sécurité.Matière : 100 % polyesterGrammage : 200 g/m²Ce matériel est loué propre et défroissé. Pour une finition parfaite, nous vous conseillons d'utiliser un fer à repasser avant l'événement.Le nettoyage est assuré par nos soins.","https://static.wixstatic.com/media/2ef057_5c3f2b1d74b6437c8edc68b71a2739bd~mv2.jpeg/v1/fit/w_500,h_500,q_90/file.jpg","https://static.wixstatic.com/media/2ef057_5c3f2b1d74b6437c8edc68b71a2739bd~mv2.jpeg/v1/fit/w_500,h_500,q_90/file.jpg | https://static.wixstatic.com/media/2ef057_8f19af4c10664292b72f5aa8205aff2d~mv2.jpeg/v1/fit/w_500,h_500,q_90/file.jpg | https://static.wixstatic.com/media/2ef057_bc2dc6bd422d408485ceac6906c24510~mv2.jpeg/v1/fit/w_500,h_500,q_90/file.jpg",3,InStock,https://www.le-splendid.events/product-page/nappe-rectangulaire-blanche,nappe
VASE-MART-050,Vase Martini,decorations,8,800,"Vase Martini, idéal pour des centres de table élégants.Parfait pour sublimer vos compositions florales lors de mariages ou autres événements. Hauteur et design imposants pour un effet raffiné et sophistiqué.Fleurs et ornements non inclus.","https://static.wixstatic.com/media/2ef057_2bffc20c4ddf4debac35570be2442981~mv2.png/v1/fit/w_500,h_500,q_90/file.png","https://static.wixstatic.com/media/2ef057_2bffc20c4ddf4debac35570be2442981~mv2.png/v1/fit/w_500,h_500,q_90/file.png | https://static.wixstatic.com/media/2ef057_b719219a3b3944829bae2b23cdceccae~mv2.jpg/v1/fit/w_500,h_500,q_90/file.jpg | https://static.wixstatic.com/media/2ef057_c8a21d98a0984c26877a5cea9ab33649~mv2.jpg/v1/fit/w_500,h_500,q_90/file.jpg | https://static.wixstatic.com/media/2ef057_f7f761d6b8af4bff88081017334fd4ef~mv2.jpg/v1/fit/w_500,h_500,q_90/file.jpg",4,InStock,https://www.le-splendid.events/product-page/vase-martini,centre_table
TABL-ROND-PERS-051,Table ronde (~10 pers),tables,16,1600,"Apportez élégance et convivialité à vos événements grâce à notre table ronde de 180 cm de diamètre, parfaite pour accueillir confortablement 10 personnes. Idéale pour un mariage, un anniversaire, une réception ou un événement d’entreprise, elle favorise les échanges et crée une ambiance chaleureuse.","https://static.wixstatic.com/media/2ef057_f3586ae540e44266bf868b62cb31af8b~mv2.jpg/v1/fit/w_500,h_500,q_90/file.jpg","https://static.wixstatic.com/media/2ef057_f3586ae540e44266bf868b62cb31af8b~mv2.jpg/v1/fit/w_500,h_500,q_90/file.jpg | https://static.wixstatic.com/media/2ef057_e63610664cc247c992bf6ae8987ef6f6~mv2.jpg/v1/fit/w_500,h_500,q_90/file.jpg | https://static.wixstatic.com/media/2ef057_ad96fa90b96b4d22a1e1ae441d128819~mv2.jpg/v1/fit/w_500,h_500,q_90/file.jpg",3,InStock,https://www.le-splendid.events/product-page/table-ronde,
TOIL-MUR-BOUD-052,Toile Mur boudoir bleu,decorations,15,1500,Louée avec son armature pour une installation facile et rapide.,"https://static.wixstatic.com/media/2ef057_b610c83e34a64f39815fd444a731c026~mv2.jpg/v1/fit/w_500,h_500,q_90/file.jpg","https://static.wixstatic.com/media/2ef057_b610c83e34a64f39815fd444a731c026~mv2.jpg/v1/fit/w_500,h_500,q_90/file.jpg",1,InStock,https://www.le-splendid.events/product-page/toile-mur-boudoir-bleu,
MIKA-GEAN-053,Mikado géant,decorations,10,1000,"Mikado géant, un jeu d’adresse classique qui apportera amusement et compétition à vos événements.Parfait pour les mariages, fêtes d’anniversaire ou événements en plein air, ce mikado est idéal pour divertir petits et grands.","https://static.wixstatic.com/media/2ef057_9fdbe064adf341cbbf2933c7d23b1f01~mv2.png/v1/fit/w_500,h_500,q_90/file.png","https://static.wixstatic.com/media/2ef057_9fdbe064adf341cbbf2933c7d23b1f01~mv2.png/v1/fit/w_500,h_500,q_90/file.png | https://static.wixstatic.com/media/2ef057_2af7e6829fec4c24b1d794f0f5eec9eb~mv2.jpg/v1/fit/w_500,h_500,q_90/file.jpg | https://static.wixstatic.com/media/2ef057_faf14b29e7bf4185bd30187273a3cf7f~mv2.jpg/v1/fit/w_500,h_500,q_90/file.jpg | https://static.wixstatic.com/media/2ef057_a76be7ccc0494bb4a6c1d631f634425f~mv2.jpg/v1/fit/w_500,h_500,q_90/file.jpg",4,InStock,https://www.le-splendid.events/product-page/mikado-g%C3%A9ant,jeu
HOUS-DE-CHAI-054,Housses de chaise blanche,housses,1,100,"Housse de chaise blanche en lycra, s’adaptant à une grande diversité de chaises.Attention toutefois aux chaises avec accoudoirs, en extra-large ou celles qui ne possèdent pas 4 pieds.Le matériel est loué propreLe nettoyage est effectué par nos soins","https://static.wixstatic.com/media/2ef057_8f208b52e9e84e8bad3cbafd5bd15c37~mv2.jpg/v1/fit/w_500,h_500,q_90/file.jpg","https://static.wixstatic.com/media/2ef057_8f208b52e9e84e8bad3cbafd5bd15c37~mv2.jpg/v1/fit/w_500,h_500,q_90/file.jpg | https://static.wixstatic.com/media/2ef057_bb5b0ef4109348c297d01669c5873eb3~mv2.jpeg/v1/fit/w_500,h_500,q_90/file.jpg | https://static.wixstatic.com/media/2ef057_f4999528524c4a02b7d4b5adfae225cc~mv2.jpeg/v1/fit/w_500,h_500,q_90/file.jpg | https://static.wixstatic.com/media/2ef057_d1ba81a854a64c7690b51973ed257778~mv2.jpeg/v1/fit/w_500,h_500,q_90/file.jpg",4,InStock,https://www.le-splendid.events/product-page/housses-de-chaise-blanche,housse
PACK-EFFE-LUMI-055,Pack Effet lumière,decorations,50,5000,"Le pack effet lumière est une solution lumière tout-en-un idéale pour vos événements privés.Composé de 2 PAR LED RGB, 2 projecteurs Derby, un laser rouge/vert, et un stroboscope à 4 LED blanches, il offre une animation lumière en fonction du rythme de la musique. Facile à installer sur son trépied télescopique ajustable (1,5 à 2,5 m), il se monte rapidement, réduisant le temps d'installation.Utilisez les modes automatique, musical ou contrôlez-le via DMX.Livré avec télécommande IR pour un contrôle instantané. Un système complet, pratique et puissant pour animer vos soirées !","https://static.wixstatic.com/media/2ef057_b33f5ec0b1a947c7890ca16b5d44a712~mv2.jpg/v1/fit/w_500,h_500,q_90/file.jpg","https://static.wixstatic.com/media/2ef057_b33f5ec0b1a947c7890ca16b5d44a712~mv2.jpg/v1/fit/w_500,h_500,q_90/file.jpg | https://static.wixstatic.com/media/2ef057_5e8423dc6fa7411aa325505dc9656277~mv2.jpg/v1/fit/w_500,h_500,q_90/file.jpg",2,InStock,https://www.le-splendid.events/product-page/pack-effet-lumi%C3%A8re,eclairage | animation | livre_dor
PARA-PERS-056,Paravent persienne,decorations,5,500,Ce paravent persienne est l’élément parfait pour sublimer la décoration de vos événements.,"https://static.wixstatic.com/media/2ef057_490aad7eebe2466f808472d9a182293e~mv2.png/v1/fit/w_500,h_500,q_90/file.png","https://static.wixstatic.com/media/2ef057_490aad7eebe2466f808472d9a182293e~mv2.png/v1/fit/w_500,h_500,q_90/file.png | https://static.wixstatic.com/media/2ef057_3cf6894d4f984675b805e044c53b0629~mv2.jpg/v1/fit/w_500,h_500,q_90/file.jpg | https://static.wixstatic.com/media/2ef057_1b446869c8524ae98ef57817492a3454~mv2.jpeg/v1/fit/w_500,h_500,q_90/file.jpg | https://static.wixstatic.com/media/2ef057_5ebf779f7ad947248fda27c974b8a807~mv2.jpg/v1/fit/w_500,h_500,q_90/file.jpg",4,InStock,https://www.le-splendid.events/product-page/paravent-persienne,
NOEU-PARM-SATI-057,Noeud parme satin,housses,0.5,50,"Nœud de chaise, l'accessoire parfait pour sublimer vos chaises lors de vos événements.","https://static.wixstatic.com/media/2ef057_6fac2a4f37c341c7970c7d49d04f18dc~mv2.png/v1/fit/w_500,h_500,q_90/file.png","https://static.wixstatic.com/media/2ef057_6fac2a4f37c341c7970c7d49d04f18dc~mv2.png/v1/fit/w_500,h_500,q_90/file.png | https://static.wixstatic.com/media/2ef057_a91316eaa77442c6b4bdb53a2274fc5c~mv2.jpeg/v1/fit/w_500,h_500,q_90/file.jpg | https://static.wixstatic.com/media/2ef057_d0158ce655484a3d93c2ef6171d09816~mv2.jpeg/v1/fit/w_500,h_500,q_90/file.jpg | https://static.wixstatic.com/media/2ef057_dad97e7aef85447b9def2f66e06b7448~mv2.jpeg/v1/fit/w_500,h_500,q_90/file.jpg",4,InStock,https://www.le-splendid.events/product-page/noeud-parme-satin,noeud
PACK-RE-IMPR-058,Pack ré-impression Photos,decorations,30,3000,Réimprimez vos souvenirs !30€ le pack de 100 photos.,"https://static.wixstatic.com/media/2ef057_47da1a14e7ff437db5dc2571a544e9ad~mv2.jpg/v1/fit/w_500,h_500,q_90/file.jpg","https://static.wixstatic.com/media/2ef057_47da1a14e7ff437db5dc2571a544e9ad~mv2.jpg/v1/fit/w_500,h_500,q_90/file.jpg",1,InStock,https://www.le-splendid.events/product-page/pack-r%C3%A9-impression-photos,
TOIL-BOIS-059,Toile bois,decorations,15,1500,"Toile de fond en bois pour photo, idéale pour créer un décor rustique et élégant lors de vos événements.Louée avec son armature pour une installation facile et rapide.","https://static.wixstatic.com/media/2ef057_e93682ef77cd47aba458b58ff2f21f13~mv2.jpg/v1/fit/w_500,h_500,q_90/file.jpg","https://static.wixstatic.com/media/2ef057_e93682ef77cd47aba458b58ff2f21f13~mv2.jpg/v1/fit/w_500,h_500,q_90/file.jpg",1,InStock,https://www.le-splendid.events/product-page/toile-bois,
MIRO-060,MiroirBooth,decorations,150,15000,"Offrez à vos invités une expérience photo unique avec notre Miroir Booth, un miroir magique interactif qui combine élégance et technologie. Parfait pour mariages, événements d’entreprise, anniversaires ou soirées privées, il capture des souvenirs fun et stylés. Le Miroir Booth permet à vos convives de se prendre en photo en toute simplicité grâce à un écran tactile intégré directement sur le miroir. Il propose des impressions instantanées pour un souvenir original et ludique.","https://static.wixstatic.com/media/2ef057_4144097dc1a04772ad5c79cc4976b303~mv2.png/v1/fit/w_500,h_500,q_90/file.png","https://static.wixstatic.com/media/2ef057_4144097dc1a04772ad5c79cc4976b303~mv2.png/v1/fit/w_500,h_500,q_90/file.png",1,InStock,https://www.le-splendid.events/product-page/photobooth-mirroir,photobooth | video
ARCH-OR-LOT-061,Arches or (lot de 3),housses,25,2500,"Ce lot de 3 backdrops, avec ou sans lycra, est parfait pour créer une décoration élégante et personnalisée. Idéal pour les compositions avec des ballons, fleurs ou pour un décor plus minimaliste. Aucun support ni ornement n'est inclus.Les backdrops sont transportés démontés et nécessitent un montage avant utilisation.","https://static.wixstatic.com/media/2ef057_799178e051a548a4817381241bf15872~mv2.jpg/v1/fit/w_500,h_500,q_90/file.jpg","https://static.wixstatic.com/media/2ef057_799178e051a548a4817381241bf15872~mv2.jpg/v1/fit/w_500,h_500,q_90/file.jpg | https://static.wixstatic.com/media/2ef057_64260e60f9a94977ae25ac423de6bb32~mv2.jpg/v1/fit/w_500,h_500,q_90/file.jpg | https://static.wixstatic.com/media/2ef057_a1221a3ee78a4a73b5fe035186d4731e~mv2.jpg/v1/fit/w_500,h_500,q_90/file.jpg",3,InStock,https://www.le-splendid.events/product-page/arches-or-lot-de-3,structure | ballons | centre_table
ARCH-DEMI-ROND-062,Arche demi-ronde or,decorations,20,2000,L'arche demi-ronde or est idéale pour faire un décor ballon ou allors un décors plus sobre. Aucun support ni ornement n'est fourni.L'arche est transportée démontée et nécessite un montage avant utilisation.,"https://static.wixstatic.com/media/2ef057_b4266929bfe3451788e25a81dc58cfcb~mv2.jpg/v1/fit/w_500,h_500,q_90/file.jpg","https://static.wixstatic.com/media/2ef057_b4266929bfe3451788e25a81dc58cfcb~mv2.jpg/v1/fit/w_500,h_500,q_90/file.jpg | https://static.wixstatic.com/media/2ef057_ee1a4f02061c420291497f0f00cf23f0~mv2.jpg/v1/fit/w_500,h_500,q_90/file.jpg",2,InStock,https://www.le-splendid.events/product-page/arche-demi-ronde-or,structure | ballons
CHAN-063,Chandelier,decorations,6,600,Ces chandeliers  argent sont composés de 5 branches.Ils embelliront vos tables lors de vos futurs événements.⚠️Ce matériel est loué propre.Le matériel doit être rendu propre.Frais de nétoyage 10€ ,"https://static.wixstatic.com/media/2ef057_d08899b9f7b940b889c17bbde245a3a9~mv2.png/v1/fit/w_500,h_500,q_90/file.png","https://static.wixstatic.com/media/2ef057_d08899b9f7b940b889c17bbde245a3a9~mv2.png/v1/fit/w_500,h_500,q_90/file.png | https://static.wixstatic.com/media/2ef057_ab5c927d4bf74d7daa37cc2a3e4ac0a6~mv2.jpeg/v1/fit/w_500,h_500,q_90/file.jpg | https://static.wixstatic.com/media/2ef057_f160b63cdc03436e9c501e5545ac5b4b~mv2.jpg/v1/fit/w_500,h_500,q_90/file.jpg | https://static.wixstatic.com/media/2ef057_d8117ca27efd455fac3d8453ced7cf2a~mv2.jpeg/v1/fit/w_500,h_500,q_90/file.jpg | https://static.wixstatic.com/media/2ef057_2848d678874940dfac7b0a5bdab0a2bf~mv2.png/v1/fit/w_500,h_500,q_90/file.png",5,InStock,https://www.le-splendid.events/product-page/chandelier,eclairage
NOEU-BLEU-ORGA-064,Noeud bleu organza,housses,0.4,40,"Nœud de chaise, l'accessoire parfait pour sublimer vos chaises lors de vos événements.","https://static.wixstatic.com/media/2ef057_a5567044698d471aaa7cacee5419628d~mv2.jpg/v1/fit/w_500,h_500,q_90/file.jpg","https://static.wixstatic.com/media/2ef057_a5567044698d471aaa7cacee5419628d~mv2.jpg/v1/fit/w_500,h_500,q_90/file.jpg",1,InStock,https://www.le-splendid.events/product-page/noeud-bleu-organza,noeud
PECH-AUX-CANA-065,Pêche aux canards,decorations,15,1500,"Apportez une touche d’authenticité et de convivialité à votre événement avec notre pêche aux canards au style champêtre ! Parfaite pour les fêtes d’anniversaire, kermesses, mariages ou événements en plein air, cette animation classique et intemporelle fera le bonheur des petits comme des grands.","https://static.wixstatic.com/media/2ef057_b21cbf96f6bf4ca58840b534e7162ef9~mv2.png/v1/fit/w_500,h_500,q_90/file.png","https://static.wixstatic.com/media/2ef057_b21cbf96f6bf4ca58840b534e7162ef9~mv2.png/v1/fit/w_500,h_500,q_90/file.png | https://static.wixstatic.com/media/2ef057_8c89f068ef324b75ae96c545cda9eea6~mv2.jpg/v1/fit/w_500,h_500,q_90/file.jpg | https://static.wixstatic.com/media/2ef057_5dcb10e6587946ee82293de1f79ac511~mv2.jpeg/v1/fit/w_500,h_500,q_90/file.jpg | https://static.wixstatic.com/media/2ef057_c54e169ff7984d44ad6e8722d8acad73~mv2.png/v1/fit/w_500,h_500,q_90/file.png | https://static.wixstatic.com/media/2ef057_c76390beac484a5fac8d24f246f96cff~mv2.png/v1/fit/w_500,h_500,q_90/file.png",5,InStock,https://www.le-splendid.events/product-page/p%C3%AAche-aux-canards,animation
MORP-GEAN-066,Morpion géant,decorations,12,1200,"Morpion géant, une version surdimensionnée du classique jeu de stratégie, parfait pour divertir vos invités lors de vos événements.","https://static.wixstatic.com/media/2ef057_aec5f6ca4a674f76ae2cf8f1c66feaf5~mv2.jpg/v1/fit/w_500,h_500,q_90/file.jpg","https://static.wixstatic.com/media/2ef057_aec5f6ca4a674f76ae2cf8f1c66feaf5~mv2.jpg/v1/fit/w_500,h_500,q_90/file.jpg | https://static.wixstatic.com/media/2ef057_e14ce8f8a3d44bfd907b9ae347de3bd3~mv2.jpg/v1/fit/w_500,h_500,q_90/file.jpg | https://static.wixstatic.com/media/2ef057_45e4c60556d34479aff329ad1fbde9b8~mv2.jpg/v1/fit/w_500,h_500,q_90/file.jpg",3,InStock,https://www.le-splendid.events/product-page/morpion-g%C3%A9ant,
PETI-TONN-067,Petit Tonneau,decorations,4,400,Petit tonneau en bois parfait pour une décoration champêtre. Idéal pour ajouter une touche rustique et authentique à votre événement.,"https://static.wixstatic.com/media/2ef057_4183c4e0e41f472bbf1961e0e337a192~mv2.jpeg/v1/fit/w_500,h_500,q_90/file.jpg","https://static.wixstatic.com/media/2ef057_4183c4e0e41f472bbf1961e0e337a192~mv2.jpeg/v1/fit/w_500,h_500,q_90/file.jpg | https://static.wixstatic.com/media/2ef057_549b47cf388b4f48ad62a6d176c63236~mv2.jpeg/v1/fit/w_500,h_500,q_90/file.jpg | https://static.wixstatic.com/media/2ef057_ffd30e2a26b74f4ba23ec6ca3e6516fb~mv2.jpeg/v1/fit/w_500,h_500,q_90/file.jpg",3,InStock,https://www.le-splendid.events/product-page/petit-tonneau,
PRES-A-SUCE-068,Présentoir à sucettes,vaisselle_enfants,3,300,"Ce présentoir à sucettes est l'accessoire idéal pour ajouter une touche ludique et gourmande à vos événements. Parfait pour les candy bars, mariages, anniversaires ou fêtes d'enfants, il permet de disposer les sucettes de manière élégante et pratique, tout en apportant un élément décoratif original.","https://static.wixstatic.com/media/2ef057_ee1c25db726a4190bdc87b63a685b10e~mv2.jpg/v1/fit/w_500,h_500,q_90/file.jpg","https://static.wixstatic.com/media/2ef057_ee1c25db726a4190bdc87b63a685b10e~mv2.jpg/v1/fit/w_500,h_500,q_90/file.jpg | https://static.wixstatic.com/media/2ef057_bbe263b46b19422d94f18a68046e6141~mv2.jpeg/v1/fit/w_500,h_500,q_90/file.jpg | https://static.wixstatic.com/media/2ef057_f705273408a0420b92db189df50ad86f~mv2.jpeg/v1/fit/w_500,h_500,q_90/file.jpg",3,InStock,https://www.le-splendid.events/product-page/pr%C3%A9sentoir-%C3%A0-sucettes,
PROJ-PAR-LED-069,Projecteur Par Led,machines,10,1000,"Équipé de 14 LED RGBW de 10W chacune, le projecteur offre une large palette de couleurs, idéale pour créer des ambiances dynamiques et élégantes.Il peut être utilisé en mode fixe pour sublimer vos murs, ou en mode automatique pour illuminer la piste de danse en rythme avec la musique.","https://static.wixstatic.com/media/2ef057_edc17f4dc7ef44a39c625d56c72cf318~mv2.jpg/v1/fit/w_500,h_500,q_90/file.jpg","https://static.wixstatic.com/media/2ef057_edc17f4dc7ef44a39c625d56c72cf318~mv2.jpg/v1/fit/w_500,h_500,q_90/file.jpg | https://static.wixstatic.com/media/2ef057_184782c313c64b9092d31952856a8fd9~mv2.jpg/v1/fit/w_500,h_500,q_90/file.jpg | https://static.wixstatic.com/media/2ef057_ed14f6e56afd49608ff61ee3ecd32ec5~mv2.jpeg/v1/fit/w_500,h_500,q_90/file.jpg",3,InStock,https://www.le-splendid.events/product-page/projecteur-par-led,bois | eclairage
HOUS-BACK-CIRC-070,Housse backdrop circulaire,housses,12,1200,L'arche circulaire est idéale pour créer une décoration avec des ballons ou un décor plus sobre.Aucun support ni ornement n'est fourni.L'arche est transportée démontée et nécessite un montage avant utilisation.,"https://static.wixstatic.com/media/2ef057_4f7f42766a2e4d62b4db480818de6e64~mv2.webp/v1/fit/w_500,h_500,q_90/file.webp","https://static.wixstatic.com/media/2ef057_4f7f42766a2e4d62b4db480818de6e64~mv2.webp/v1/fit/w_500,h_500,q_90/file.webp",1,InStock,https://www.le-splendid.events/product-page/housse-backdrop-circulaire,structure | ballons | housse
CAIS-EN-BOIS-071,Caisse en bois,accessoires_transport,4,400,"Caisse en bois, idéal pour déco vintage, champêtre ou nature…","https://static.wixstatic.com/media/2ef057_8e30f29f6dba47fea7936ee1352e2276~mv2.jpg/v1/fit/w_500,h_500,q_90/file.jpg","https://static.wixstatic.com/media/2ef057_8e30f29f6dba47fea7936ee1352e2276~mv2.jpg/v1/fit/w_500,h_500,q_90/file.jpg | https://static.wixstatic.com/media/2ef057_9fb87e8432b84bf2b828fad662161710~mv2.png/v1/fit/w_500,h_500,q_90/file.png | https://static.wixstatic.com/media/2ef057_0f074f99099446a4bba5bee609fdc8c2~mv2.jpeg/v1/fit/w_500,h_500,q_90/file.jpg",3,InStock,https://www.le-splendid.events/product-page/caisse-en-bois,
APPA-PHOT-NUME-072,Appareil photo numérique,tables,12,1200,"Le jour de votre mariage mérite d’être capturé sous son plus beau jour. Offrez à vos invités un appareil photo jetable moderne : un appareil au design rétro, simple d’utilisation et capable de saisir chaque moment sans distraction. Une manière élégante et amusante de créer une galerie de souvenirs spontanés et uniques.","https://static.wixstatic.com/media/2ef057_ebecdabcf9c54aad9592aa07941c289a~mv2.png/v1/fit/w_500,h_500,q_90/file.png","https://static.wixstatic.com/media/2ef057_ebecdabcf9c54aad9592aa07941c289a~mv2.png/v1/fit/w_500,h_500,q_90/file.png",1,InStock,https://www.le-splendid.events/product-page/copie-de-videobooth-360,
PETI-ROUE-EN-073,Petit roue en bois,decorations,2,200,"Petite roue en bois, idéale pour une décoration rustique ou vintage. Parfaite pour apporter une touche originale à vos événements.","https://static.wixstatic.com/media/2ef057_25d90b2dd41343508a08308f901225ca~mv2.jpg/v1/fit/w_500,h_500,q_90/file.jpg","https://static.wixstatic.com/media/2ef057_25d90b2dd41343508a08308f901225ca~mv2.jpg/v1/fit/w_500,h_500,q_90/file.jpg",1,InStock,https://www.le-splendid.events/product-page/petit-roue-en-bois,
PHOT-074,PhotoBooth,decorations,150,15000,"La borne à selfie est l’animation incontournable pour créer des souvenirs uniques et amuser vos invités. Mariages, anniversaires, soirées d’entreprise, fêtes privées… elle s’adapte à tous les événements et garantit des moments mémorables. Facile à utiliser, cette borne photo permet à vos convives de se prendre en photo de manière autonome, à tout moment de la journée ou de la soirée. Les clichés peuvent être imprimés, enregistrés ou partagés selon les options choisies.","https://static.wixstatic.com/media/2ef057_69c529769b6c479d9d7923235ab7b41d~mv2.png/v1/fit/w_500,h_500,q_90/file.png","https://static.wixstatic.com/media/2ef057_69c529769b6c479d9d7923235ab7b41d~mv2.png/v1/fit/w_500,h_500,q_90/file.png | https://static.wixstatic.com/media/2ef057_dcf4c2a2f319409bba57a5b16d030151~mv2.jpg/v1/fit/w_500,h_500,q_90/file.jpg | https://static.wixstatic.com/media/2ef057_0c52515b64924605b7b6ded0a60ea994~mv2.jpeg/v1/fit/w_500,h_500,q_90/file.jpg | https://static.wixstatic.com/media/2ef057_a3417243a69348e4a1c8897b3f9b00cb~mv2.jpeg/v1/fit/w_500,h_500,q_90/file.jpg",4,InStock,https://www.le-splendid.events/product-page/photobooth,photobooth | animation
NOEU-ORAN-ORGA-075,Noeud orange organza,housses,0.4,40,"Nœud de chaise, l'accessoire parfait pour sublimer vos chaises lors de vos événements.","https://static.wixstatic.com/media/2ef057_89ac1386d2984b4aa357caa8d49e77dc~mv2.png/v1/fit/w_500,h_500,q_90/file.png","https://static.wixstatic.com/media/2ef057_89ac1386d2984b4aa357caa8d49e77dc~mv2.png/v1/fit/w_500,h_500,q_90/file.png",1,InStock,https://www.le-splendid.events/product-page/noeud-orange-organza,noeud
BOUG-OR-076,Bougeoir or,decorations,2,200,"Bougeoir doré, idéal pour s'adapter à tout style de décoration.⚠️Ce matériel est loué propre. Le matériel doit être rendu propre. Frais de nétoyage 10€","https://static.wixstatic.com/media/2ef057_460193103bd24a1f9af86527bdfb4c18~mv2.webp/v1/fit/w_500,h_500,q_90/file.webp","https://static.wixstatic.com/media/2ef057_460193103bd24a1f9af86527bdfb4c18~mv2.webp/v1/fit/w_500,h_500,q_90/file.webp | https://static.wixstatic.com/media/2ef057_243f6245fe8246cfb2c0a0be30d04707~mv2.jpg/v1/fit/w_500,h_500,q_90/file.jpg | https://static.wixstatic.com/media/2ef057_26c97d812571453c96e6256160ae9924~mv2.jpg/v1/fit/w_500,h_500,q_90/file.jpg | https://static.wixstatic.com/media/2ef057_83b70d1824e648fc87fbafec2f5ba25c~mv2.jpeg/v1/fit/w_500,h_500,q_90/file.jpg",4,InStock,https://www.le-splendid.events/product-page/bougeoir-or,eclairage
NOEU-VERT-D-077,Noeud vert d'eau lycra,housses,0.5,50,"Nœud de chaise, l'accessoire parfait pour sublimer vos chaises lors de vos événements.","https://static.wixstatic.com/media/2ef057_32ccbc28fdfd4413843bde0226278862~mv2.jpg/v1/fit/w_500,h_500,q_90/file.jpg","https://static.wixstatic.com/media/2ef057_32ccbc28fdfd4413843bde0226278862~mv2.jpg/v1/fit/w_500,h_500,q_90/file.jpg",1,InStock,https://www.le-splendid.events/product-page/noeud-vert-d-eau-lycra,noeud
ARRO-EN-ZINC-078,Arrosoir en zinc,decorations,5,500,Arrosoir en zinc pour la décoration de votre événement. ,"https://static.wixstatic.com/media/2ef057_6fcf6c9b57e04defb53919cb17522d0d~mv2.jpeg/v1/fit/w_500,h_500,q_90/file.jpg","https://static.wixstatic.com/media/2ef057_6fcf6c9b57e04defb53919cb17522d0d~mv2.jpeg/v1/fit/w_500,h_500,q_90/file.jpg | https://static.wixstatic.com/media/2ef057_87a6aa4e9d414571af245c60f339babe~mv2.jpeg/v1/fit/w_500,h_500,q_90/file.jpg | https://static.wixstatic.com/media/2ef057_748f068af07a4bc4852ac467e1e2ec55~mv2.png/v1/fit/w_500,h_500,q_90/file.png",3,InStock,https://www.le-splendid.events/product-page/arrosoir-en-zinc,
TOIL-FEUI-079,Toile feuille,decorations,15,1500,"Toile de fond feuille pour vos photo, idéale pour créer un décor élégant lors de vos événements.Louée avec son armature pour une installation facile et rapide.","https://static.wixstatic.com/media/2ef057_ceabaf4bdca44f83aa917dba56d86323~mv2.jpg/v1/fit/w_500,h_500,q_90/file.jpg","https://static.wixstatic.com/media/2ef057_ceabaf4bdca44f83aa917dba56d86323~mv2.jpg/v1/fit/w_500,h_500,q_90/file.jpg",1,InStock,https://www.le-splendid.events/product-page/toile-feuille,
MUR-CHAM-VEGE-080,Mur champagne végétale,tables,50,5000,"Offrez une présentation chic et originale à vos réceptions avec notre mur à champagne pouvant accueillir jusqu’à 40 coupes (non fournies). Son élégant fond végétal apporte une touche naturelle et raffinée, idéale pour un mariage, un cocktail ou un événement haut de gamme.","https://static.wixstatic.com/media/2ef057_cbcc07f7138a45798892e35ba7b71184~mv2.png/v1/fit/w_500,h_500,q_90/file.png","https://static.wixstatic.com/media/2ef057_cbcc07f7138a45798892e35ba7b71184~mv2.png/v1/fit/w_500,h_500,q_90/file.png",1,InStock,https://www.le-splendid.events/product-page/candy-bar,
MACH-A-ETIN-081,Machine à étincelles,machines,60,6000,"Machine à étincelles, idéale pour sublimer vos événements avec des effets spectaculaires.Cette machine génère des jets d’étincelles froides, sûrs pour une utilisation intérieure comme extérieure, ajoutant une touche impressionnante à vos mariages, soirées ou spectacles. Consommables inclus pour environ 15 minutes d’utilisation.","https://static.wixstatic.com/media/2ef057_e241a5cbe008476282f533936f1817f6~mv2.jpg/v1/fit/w_500,h_500,q_90/file.jpg","https://static.wixstatic.com/media/2ef057_e241a5cbe008476282f533936f1817f6~mv2.jpg/v1/fit/w_500,h_500,q_90/file.jpg | https://static.wixstatic.com/media/2ef057_d1e827f0121341059f3533839c13647f~mv2.webp/v1/fit/w_500,h_500,q_90/file.webp",2,InStock,https://www.le-splendid.events/product-page/machine-%C3%A0-%C3%A9tincelles,machine
SUPP-RIDE-LED-082,Support / Rideau / Led (au mètre),decorations,8,800,"Créez une ambiance lumineuse élégante avec notre support équipé d’un rideau LED, idéal pour sublimer vos événements. Parfait pour les mariages, anniversaires, soirées d’entreprise, scènes ou espaces photo, il apporte une touche de magie et de sophistication à votre décor.","https://static.wixstatic.com/media/2ef057_9cd5c6be91c54727a2461e1f9f233fe5~mv2.jpeg/v1/fit/w_500,h_500,q_90/file.jpg","https://static.wixstatic.com/media/2ef057_9cd5c6be91c54727a2461e1f9f233fe5~mv2.jpeg/v1/fit/w_500,h_500,q_90/file.jpg | https://static.wixstatic.com/media/2ef057_1021831adff844d296534ccef7a12e86~mv2.jpg/v1/fit/w_500,h_500,q_90/file.jpg",2,InStock,https://www.le-splendid.events/product-page/tonneau,eclairage
JENG-GEAN-083,Jenga géant,decorations,15,1500,"Jenga géant, le jeu parfait pour animer vos événements !Ce jeu classique en version surdimensionnée promet un divertissement pour petits et grands.","https://static.wixstatic.com/media/2ef057_bd250b3f81ed4b029c8015ecbd981b92~mv2.jpg/v1/fit/w_500,h_500,q_90/file.jpg","https://static.wixstatic.com/media/2ef057_bd250b3f81ed4b029c8015ecbd981b92~mv2.jpg/v1/fit/w_500,h_500,q_90/file.jpg | https://static.wixstatic.com/media/2ef057_c29259a0cfca476b8490ac4f03e3b81f~mv2.jpg/v1/fit/w_500,h_500,q_90/file.jpg | https://static.wixstatic.com/media/2ef057_b04c1b7a8880498d86e340d304dca546~mv2.jpg/v1/fit/w_500,h_500,q_90/file.jpg",3,InStock,https://www.le-splendid.events/product-page/jenga-g%C3%A9ant,jeu
MIRO-084,Miroir,decorations,1,100,"Miroir de 30 cm de diamètre, parfait pour vos centres de table.Ce miroir élégant ajoute une touche de sophistication à votre décoration et est idéal pour mettre en valeur un vase à martini ou d'autres éléments décoratifs.","https://static.wixstatic.com/media/2ef057_c40c749526204167bddb8cd94e8d748b~mv2.jpg/v1/fit/w_500,h_500,q_90/file.jpg","https://static.wixstatic.com/media/2ef057_c40c749526204167bddb8cd94e8d748b~mv2.jpg/v1/fit/w_500,h_500,q_90/file.jpg | https://static.wixstatic.com/media/2ef057_6ab41d9891dc4bc6a2f8ae59676630dd~mv2.jpg/v1/fit/w_500,h_500,q_90/file.jpg",2,InStock,https://www.le-splendid.events/product-page/miroir,photobooth | centre_table
MACH-A-POPC-085,Machine à popcorn blanche,machines,60,6000,"Machine à popcorn, idéale pour apporter une ambiance festive et gourmande à vos événements. Facile à utiliser, elle permet de préparer du popcorn frais en quelques minutes, pour régaler vos invités lors de mariages, fêtes ou soirées cinéma.Les consommables (maïs, huile, sucre et sachet) ne sont pas inclus.⚠️Ce matériel est loué propre.Le matériel doit être rendu propre.Frais de nettoyage 25€","https://static.wixstatic.com/media/2ef057_e5cbbc86d1a5442bbd460995cf877b86~mv2.jpg/v1/fit/w_500,h_500,q_90/file.jpg","https://static.wixstatic.com/media/2ef057_e5cbbc86d1a5442bbd460995cf877b86~mv2.jpg/v1/fit/w_500,h_500,q_90/file.jpg",1,InStock,https://www.le-splendid.events/product-page/machine-%C3%A0-popcorn-blanche,machine
CAND-BAR-086,Candy bar,tables,40,4000,"Rassemblez vos convives autour d'un bar à bonbons, une véritable source de plaisir pour petits et grands !Il apportera également une touche décorative à votre salle. ","https://static.wixstatic.com/media/2ef057_ce99b86e40e44d2ba5ee53241726c719~mv2.png/v1/fit/w_500,h_500,q_90/file.png","https://static.wixstatic.com/media/2ef057_ce99b86e40e44d2ba5ee53241726c719~mv2.png/v1/fit/w_500,h_500,q_90/file.png",1,InStock,https://www.le-splendid.events/product-page/candy-bar-1,
BANC-BRAS-087,Banc brasserie,bancs,5,500,"Parfait pour accompagner une table de brasserie, aménager un espace repas en plein air ou donner du caractère à vos réceptions.","https://static.wixstatic.com/media/2ef057_41fbe677ac304be0be4015f132091f9d~mv2.webp/v1/fit/w_500,h_500,q_90/file.webp","https://static.wixstatic.com/media/2ef057_41fbe677ac304be0be4015f132091f9d~mv2.webp/v1/fit/w_500,h_500,q_90/file.webp",1,InStock,https://www.le-splendid.events/product-page/banc-brasserie,
CHEM-DE-TABL-088,Chemin de table terracotta,nappages,3,300,Ajoutez une touche chaleureuse et tendance à votre décoration de table avec ce chemin de table terracotta en double gaze.,"https://static.wixstatic.com/media/2ef057_a886b68035384dd1b5ef190178e44ead~mv2.jpeg/v1/fit/w_500,h_500,q_90/file.jpg","https://static.wixstatic.com/media/2ef057_a886b68035384dd1b5ef190178e44ead~mv2.jpeg/v1/fit/w_500,h_500,q_90/file.jpg | https://static.wixstatic.com/media/2ef057_ec5cccf2d8484b0d9f41997cb4f19413~mv2.jpg/v1/fit/w_500,h_500,q_90/file.jpg | https://static.wixstatic.com/media/2ef057_df81dfe7274f424c86c8b3754304fb81~mv2.jpeg/v1/fit/w_500,h_500,q_90/file.jpg",3,InStock,https://www.le-splendid.events/product-page/chemin-de-table-terracotta,chemin
POTE-OR-089,Potelet Or,decorations,5,500,"Ce potelet or est idéal pour délimiter des espaces ou guider vos invités avec élégance. Parfait pour des événements tels que mariages, galas ou soirées VIP.Robuste et facile à installer, il s’intègre parfaitement dans une décoration chic et raffinée.","https://static.wixstatic.com/media/2ef057_e9e42961c5ec4633bebbf68e5ad9960a~mv2.jpg/v1/fit/w_500,h_500,q_90/file.jpg","https://static.wixstatic.com/media/2ef057_e9e42961c5ec4633bebbf68e5ad9960a~mv2.jpg/v1/fit/w_500,h_500,q_90/file.jpg",1,InStock,https://www.le-splendid.events/product-page/potelet-or,
PANN-BIEN-BOIS-090,Panneau Bienvenue (bois ou plexi),decorations,55,5500,"Accueillez vos invités avec élégance grâce à notre panneau de bienvenue personnalisable, disponible en version bois naturel ou plexiglas transparent. Parfait pour les mariages, anniversaires, baptêmes ou événements professionnels, il donne le ton dès l’entrée de votre réception.","https://static.wixstatic.com/media/2ef057_d28e6b954ff642c1a97fd114effa182f~mv2.png/v1/fit/w_500,h_500,q_90/file.png","https://static.wixstatic.com/media/2ef057_d28e6b954ff642c1a97fd114effa182f~mv2.png/v1/fit/w_500,h_500,q_90/file.png | https://static.wixstatic.com/media/2ef057_123c01e3769449a7b2a5ff6ceb68c9ac~mv2.webp/v1/fit/w_500,h_500,q_90/file.webp | https://static.wixstatic.com/media/2ef057_36b7102430c24481b822251f993054dc~mv2.webp/v1/fit/w_500,h_500,q_90/file.webp",3,InStock,https://www.le-splendid.events/product-page/panneau-bienvenue-bois-ou-plexi,bapteme | signaletique
TONN-091,Tonneau,decorations,20,2000,"Apportez une touche authentique et conviviale à vos événements avec notre tonneau en bois. Idéal comme élément de décoration rustique ou transformé en table haute pour vos buffets, cocktails et réceptions, il s’intègre parfaitement dans une ambiance champêtre, vintage ou industrielle.","https://static.wixstatic.com/media/2ef057_822af6e0165a4ec2ae9de14895c7cb2a~mv2.jpg/v1/fit/w_500,h_500,q_90/file.jpg","https://static.wixstatic.com/media/2ef057_822af6e0165a4ec2ae9de14895c7cb2a~mv2.jpg/v1/fit/w_500,h_500,q_90/file.jpg | https://static.wixstatic.com/media/2ef057_6968136efc36456caa66ff7af75b8f8f~mv2.jpg/v1/fit/w_500,h_500,q_90/file.jpg | https://static.wixstatic.com/media/2ef057_162f4a63e7954f979f7d8d81b773b770~mv2.jpg/v1/fit/w_500,h_500,q_90/file.jpg | https://static.wixstatic.com/media/2ef057_55f7c8c41a4d43fa963c4b06fbdb0ab9~mv2.jpg/v1/fit/w_500,h_500,q_90/file.jpg",4,InStock,https://www.le-splendid.events/product-page/tonneau-1,
NOEU-ROSE-SATI-092,Noeud rose satin,housses,0.5,50,"Nœud de chaise, l'accessoire parfait pour sublimer vos chaises lors de vos événements.","https://static.wixstatic.com/media/2ef057_fc7f843f31724eb49201f45464a0fb40~mv2.jpg/v1/fit/w_500,h_500,q_90/file.jpg","https://static.wixstatic.com/media/2ef057_fc7f843f31724eb49201f45464a0fb40~mv2.jpg/v1/fit/w_500,h_500,q_90/file.jpg | https://static.wixstatic.com/media/2ef057_932225b3accd442b891d3e7ff94026f4~mv2.jpg/v1/fit/w_500,h_500,q_90/file.jpg | https://static.wixstatic.com/media/2ef057_a7512cdf4b724301b48f2dd21c887e88~mv2.jpg/v1/fit/w_500,h_500,q_90/file.jpg",3,InStock,https://www.le-splendid.events/product-page/noeud-rose-satin,noeud
LIVR-AUDI-VINT-093,Livre audio vintage (plusieurs coloris),decorations,60,6000,"Offrez à vos invités une expérience unique en leur permettant de laisser un message vocal lors de votre événement !Vos invités décrochent le combiné, écoutent votre répondeur personnalisé, puis, après le BIP, ils peuvent enregistrer leurs propres messages.Le téléphone dispose d'une capacité de 32 Go, (~50 heures d’enregistrement).Les messages sont stockés directement sur l’appareil, et vous serront envoyé par un lien de téléchargement.","https://static.wixstatic.com/media/2ef057_fe7f6e830e9e4bebbc0b236c0fd31eba~mv2.png/v1/fit/w_500,h_500,q_90/file.png","https://static.wixstatic.com/media/2ef057_fe7f6e830e9e4bebbc0b236c0fd31eba~mv2.png/v1/fit/w_500,h_500,q_90/file.png",1,InStock,https://www.le-splendid.events/product-page/livre-audio-vintage,livre_dor
TOIL-CHAM-094,Toile champêtre,decorations,15,1500,"Toile de fond champêtre pour vos photo, idéale pour créer un décor rustique et élégant lors de vos événements.Louée avec son armature pour une installation facile et rapide.","https://static.wixstatic.com/media/2ef057_f93a45d068b745ba939cbc26e5b802df~mv2.png/v1/fit/w_500,h_500,q_90/file.png","https://static.wixstatic.com/media/2ef057_f93a45d068b745ba939cbc26e5b802df~mv2.png/v1/fit/w_500,h_500,q_90/file.png",1,InStock,https://www.le-splendid.events/product-page/toile-champ%C3%AAtre,
TOIL-PINK-GOLD-095,Toile Pink gold,decorations,15,1500,Louée avec son armature pour une installation facile et rapide.,"https://static.wixstatic.com/media/2ef057_fe68171aa7994e60a26f59b24bee5bc4~mv2.jpg/v1/fit/w_500,h_500,q_90/file.jpg","https://static.wixstatic.com/media/2ef057_fe68171aa7994e60a26f59b24bee5bc4~mv2.jpg/v1/fit/w_500,h_500,q_90/file.jpg",1,InStock,https://www.le-splendid.events/product-page/toile-pink-gold,
BANC-BOIS-RUST-096,Banc bois rustique,bancs,8,800,"Apportez charme et authenticité à vos événements avec notre banc en bois rustique, idéal pour créer une ambiance chaleureuse et conviviale. Parfait pour accompagner une table de brasserie, aménager un espace repas en plein air ou donner du caractère à vos réceptions.","https://static.wixstatic.com/media/2ef057_1b64ad97216b4836a99659e5f1b77eba~mv2.png/v1/fit/w_500,h_500,q_90/file.png","https://static.wixstatic.com/media/2ef057_1b64ad97216b4836a99659e5f1b77eba~mv2.png/v1/fit/w_500,h_500,q_90/file.png",1,InStock,https://www.le-splendid.events/product-page/banc-bois-rustique,
FONT-A-PUNC-097,Fontaine à punch (Tonneau en bois),decorations,45,4500,"Fontaine à punch tonneau en bois, non réfrigérée, avec une capacité de 50 litres.","https://static.wixstatic.com/media/2ef057_783a2c5959894914bb3dda8a2c20d485~mv2.png/v1/fit/w_500,h_500,q_90/file.png","https://static.wixstatic.com/media/2ef057_783a2c5959894914bb3dda8a2c20d485~mv2.png/v1/fit/w_500,h_500,q_90/file.png | https://static.wixstatic.com/media/2ef057_27b280ad168746a196fc87ba9dce0eba~mv2.jpeg/v1/fit/w_500,h_500,q_90/file.jpg | https://static.wixstatic.com/media/2ef057_72adefdda4d44b53b95575fb4a6cff31~mv2.jpeg/v1/fit/w_500,h_500,q_90/file.jpg | https://static.wixstatic.com/media/2ef057_0eb11f5776354d57a48bdef830383d56~mv2.jpg/v1/fit/w_500,h_500,q_90/file.jpg",4,InStock,https://www.le-splendid.events/product-page/fontaine-%C3%A0-punch-tonneau-en-bois,
NOEU-VIOL-LYCR-098,Noeud violet lycra (avec fleur),housses,0.5,50,"Nœud de chaise, l'accessoire parfait pour sublimer vos chaises lors de vos événements.","https://static.wixstatic.com/media/2ef057_edad9b3c40014ac8b9dbf151233e7dc0~mv2.png/v1/fit/w_500,h_500,q_90/file.png","https://static.wixstatic.com/media/2ef057_edad9b3c40014ac8b9dbf151233e7dc0~mv2.png/v1/fit/w_500,h_500,q_90/file.png | https://static.wixstatic.com/media/2ef057_e93375a684354c28a008dfe8b13b8099~mv2.jpg/v1/fit/w_500,h_500,q_90/file.jpg | https://static.wixstatic.com/media/2ef057_da06532e35dd4a62a642db128868e6c9~mv2.jpeg/v1/fit/w_500,h_500,q_90/file.jpg",3,InStock,https://www.le-splendid.events/product-page/noeud-violet-lycra-avec-fleur,centre_table | noeud
BOUT-LED-099,Bouteille led,decorations,2.5,250,"Bouteille avec éclairage à LED sur batterie de couleur chaude.Elle offre une autonomie d'environ 8 heures.Les bouteilles sont transparentes et toutes identiques, ajoutant une touche élégante à votre décoration.","https://static.wixstatic.com/media/2ef057_9bff76be157d4bd8b293b1b9a9f76cc6~mv2.png/v1/fit/w_500,h_500,q_90/file.png","https://static.wixstatic.com/media/2ef057_9bff76be157d4bd8b293b1b9a9f76cc6~mv2.png/v1/fit/w_500,h_500,q_90/file.png | https://static.wixstatic.com/media/2ef057_460ec184e3e04a88b2b5a54cdb248612~mv2.png/v1/fit/w_500,h_500,q_90/file.png",2,InStock,https://www.le-splendid.events/product-page/bouteille-led,eclairage
TOIL-JAUN-MOUT-100,Toile Jaune moutarde,decorations,15,1500,Louée avec son armature pour une installation facile et rapide.,"https://static.wixstatic.com/media/2ef057_d37a1f157f2142008f401e5da9764ae8~mv2.jpg/v1/fit/w_500,h_500,q_90/file.jpg","https://static.wixstatic.com/media/2ef057_d37a1f157f2142008f401e5da9764ae8~mv2.jpg/v1/fit/w_500,h_500,q_90/file.jpg",1,InStock,https://www.le-splendid.events/product-page/toile-jaune-moutarde,
PETI-POT-A-101,Petit Pot à lait,decorations,1.5,150,"Ce petit pot à lait en métal au style vintage est un accessoire décoratif, idéal pour agrémenter vos tables ou espaces de réception.Parfait pour une décoration champêtre, il peut être utilisé comme vase ou simple élément décoratif lors de mariages, baptêmes ou événements rustiques.","https://static.wixstatic.com/media/2ef057_b7968af4a4714ee6b9f02f5d7f4f9701~mv2.jpg/v1/fit/w_500,h_500,q_90/file.jpg","https://static.wixstatic.com/media/2ef057_b7968af4a4714ee6b9f02f5d7f4f9701~mv2.jpg/v1/fit/w_500,h_500,q_90/file.jpg",1,InStock,https://www.le-splendid.events/product-page/petit-pot-%C3%A0-lait,centre_table | bapteme
SAPI-DE-NOEL-102,Sapin de Noël,decorations,100,10000,"Apportez la magie de Noël à votre événement avec notre sapin de Noël disponible en différentes tailles. Idéal pour les marchés de Noël, vitrines, entreprises, écoles ou événements privés, il peut être loué nu ou décoré selon vos envies.DescriptionNotre sapin est disponible sans décoration pour ceux qui souhaitent le personnaliser eux-mêmes, ou décoré sur devis avec guirlandes, boules, lumières et ornements selon le thème de votre événement.Stable et de belle allure, il constitue un élément central pour créer une ambiance chaleureuse et festive.","https://static.wixstatic.com/media/2ef057_293e9225f4084c36be57b2cc49ccabbd~mv2.png/v1/fit/w_500,h_500,q_90/file.png","https://static.wixstatic.com/media/2ef057_293e9225f4084c36be57b2cc49ccabbd~mv2.png/v1/fit/w_500,h_500,q_90/file.png",1,InStock,https://www.le-splendid.events/product-page/sapin-de-no%C3%ABl,structure
CASI-A-BOUT-103,Casier à bouteilles,decorations,5,500,"Casier à bouteilles en bois, parfait pour un style vintage. ","https://static.wixstatic.com/media/2ef057_aa460d96bd974232b7473f39d7aa05b5~mv2.jpeg/v1/fit/w_500,h_500,q_90/file.jpg","https://static.wixstatic.com/media/2ef057_aa460d96bd974232b7473f39d7aa05b5~mv2.jpeg/v1/fit/w_500,h_500,q_90/file.jpg",1,InStock,https://www.le-splendid.events/product-page/casier-%C3%A0-bouteilles,
SEAU-A-CHAR-104,Seau à charbon,decorations,4,400,Ajoutez une touche vintage à votre décoration avec ce seau à charbon.,"https://static.wixstatic.com/media/2ef057_a2f380cfdd4e46aea084a2c64269ed2d~mv2.jpg/v1/fit/w_500,h_500,q_90/file.jpg","https://static.wixstatic.com/media/2ef057_a2f380cfdd4e46aea084a2c64269ed2d~mv2.jpg/v1/fit/w_500,h_500,q_90/file.jpg",1,InStock,https://www.le-splendid.events/product-page/seau-%C3%A0-charbon,
MICR-HF-105,Micro HF,decorations,50,5000,"Micro HF (sans fil), loué avec recepteur (branchement DMX ou jack 6.35 mm) et piles pour le micro.","https://static.wixstatic.com/media/2ef057_4322b8a730e34d30b3a7137e321e8fb1~mv2.jpg/v1/fit/w_500,h_500,q_90/file.jpg","https://static.wixstatic.com/media/2ef057_4322b8a730e34d30b3a7137e321e8fb1~mv2.jpg/v1/fit/w_500,h_500,q_90/file.jpg",1,InStock,https://www.le-splendid.events/product-page/micro-hf,son
CHEM-DE-TABL-107,Chemin de table bleu,nappages,3,300,Ajoutez une touche chaleureuse et tendance à votre décoration de table avec ce chemin de table bleu en simple gaze.,"https://static.wixstatic.com/media/2ef057_1c8400f44454490c9c01aaa5a454ee5b~mv2.jpg/v1/fit/w_500,h_500,q_90/file.jpg","https://static.wixstatic.com/media/2ef057_1c8400f44454490c9c01aaa5a454ee5b~mv2.jpg/v1/fit/w_500,h_500,q_90/file.jpg | https://static.wixstatic.com/media/2ef057_d8f47d8d78f8485abdc56eef87c366da~mv2.jpeg/v1/fit/w_500,h_500,q_90/file.jpg | https://static.wixstatic.com/media/2ef057_24af56e8fb474b148b87a4ad351a8e9f~mv2.jpeg/v1/fit/w_500,h_500,q_90/file.jpg",3,InStock,https://www.le-splendid.events/product-page/chemin-de-table-bleu,chemin
LETT-LOVE-108,Lettre LOVE,decorations,80,8000,"Lettre LOVE en bois avec éclairage guinguette, idéale pour ajouter une touche romantique à votre événement.Avec leur design en bois et leurs ampoules guinguette, elles apportent une note vintage et élégante à votre décoration.Alimentation sur secteur.","https://static.wixstatic.com/media/2ef057_aef9d545a325429897eb9ffca27ab209~mv2.jpg/v1/fit/w_500,h_500,q_90/file.jpg","https://static.wixstatic.com/media/2ef057_aef9d545a325429897eb9ffca27ab209~mv2.jpg/v1/fit/w_500,h_500,q_90/file.jpg | https://static.wixstatic.com/media/2ef057_8635185ed8e1463eae40c13b6f2e9086~mv2.jpeg/v1/fit/w_500,h_500,q_90/file.jpg | https://static.wixstatic.com/media/2ef057_e5238b28e39844d3a243b4d4fa842012~mv2.jpg/v1/fit/w_500,h_500,q_90/file.jpg | https://static.wixstatic.com/media/2ef057_d678eff85b844b0799fff36f17eeb196~mv2.jpeg/v1/fit/w_500,h_500,q_90/file.jpg",4,InStock,https://www.le-splendid.events/product-page/lettre-love,eclairage
FONT-CHOC-109,Fontaine chocolat,decorations,35,3500,"La fontaine à chocolat crée un flux continu de chocolat fondu dans lequel vos convives pourront plonger des fruits frais, chamallows, gaufres, biscuits et autres gourmandises. Facile à utiliser et à nettoyer, elle apporte une touche de spectacle et de gourmandise à vos réceptions. Disponible en différentes capacités, elle s’adapte aussi bien aux petites fêtes qu’aux grands événements.Le consommable n'est pas inclus.⚠️Ce matériel est loué propre.Le matériel doit être rendu propre.Frais de nettoyage 20€","https://static.wixstatic.com/media/2ef057_d455894c82cd42eeb8cbf491846d70ac~mv2.jpg/v1/fit/w_500,h_500,q_90/file.jpg","https://static.wixstatic.com/media/2ef057_d455894c82cd42eeb8cbf491846d70ac~mv2.jpg/v1/fit/w_500,h_500,q_90/file.jpg | https://static.wixstatic.com/media/2ef057_c65cb7991053427c9a810042aff13b75~mv2.jpg/v1/fit/w_500,h_500,q_90/file.jpg",2,InStock,https://www.le-splendid.events/product-page/fontaine-chocolat,
CHAI-NAPO-BLAN-110,Chaise Napoleon Blanche,chaises,3.5,350,"Apportez une touche de prestige à vos événements avec notre chaise Napoléon blanche en polypropylène. Inspirée du style classique, elle est parfaite pour les mariages, banquets, galas, cérémonies et autres réceptions élégantes.","https://static.wixstatic.com/media/2ef057_08a12129a4414efb81c27dad0da9c9c7~mv2.jpg/v1/fit/w_500,h_500,q_90/file.jpg","https://static.wixstatic.com/media/2ef057_08a12129a4414efb81c27dad0da9c9c7~mv2.jpg/v1/fit/w_500,h_500,q_90/file.jpg | https://static.wixstatic.com/media/2ef057_56596defd1f948fc842edccdb375ae91~mv2.jpg/v1/fit/w_500,h_500,q_90/file.jpg | https://static.wixstatic.com/media/2ef057_789c9bfc8a594d03812e68466bf259cf~mv2.jpeg/v1/fit/w_500,h_500,q_90/file.jpg | https://static.wixstatic.com/media/2ef057_a8bfec7219124c788633864b6dbe20c0~mv2.jpg/v1/fit/w_500,h_500,q_90/file.jpg",4,InStock,https://www.le-splendid.events/product-page/chaise-napoleon-blanche,
TOIL-MUR-BRIQ-111,Toile Mur briques blanches,decorations,15,1500,Louée avec son armature pour une installation facile et rapide.,"https://static.wixstatic.com/media/2ef057_35fd0fa30c664ebbaedcef82bb095ab5~mv2.jpg/v1/fit/w_500,h_500,q_90/file.jpg","https://static.wixstatic.com/media/2ef057_35fd0fa30c664ebbaedcef82bb095ab5~mv2.jpg/v1/fit/w_500,h_500,q_90/file.jpg",1,InStock,https://www.le-splendid.events/product-page/toile-mur-briques-blanches,
JEUX-DE-KERM-112,Jeux de kermesse (lot de 4),decorations,190,19000,"Retrouvez l’ambiance festive des kermesses avec nos 4 stands de jeux traditionnels, parfaits pour amuser petits et grands lors de vos événements. Accessibles à tous, ces animations font appel à l’adresse, à la précision et à l’esprit de compétition… mais toujours dans la bonne humeur !","https://static.wixstatic.com/media/2ef057_eb66b1f07edc4469a67952db57f3fbb4~mv2.webp/v1/fit/w_500,h_500,q_90/file.webp","https://static.wixstatic.com/media/2ef057_eb66b1f07edc4469a67952db57f3fbb4~mv2.webp/v1/fit/w_500,h_500,q_90/file.webp | https://static.wixstatic.com/media/2ef057_52c81edd41a045eba285824261503ac5~mv2.webp/v1/fit/w_500,h_500,q_90/file.webp | https://static.wixstatic.com/media/2ef057_795a7ebfcb504310900958294313b254~mv2.webp/v1/fit/w_500,h_500,q_90/file.webp",3,InStock,https://www.le-splendid.events/product-page/jeux-de-kermesse-lot-de-4,animation
PHOT-BOIS-113,PhotoBooth bois,decorations,175,17500,"Apportez une touche naturelle et tendance à votre événement avec notre PhotoBooth en bois. Idéal pour mariages champêtres, anniversaires, soirées d’entreprise ou fêtes privées, il allie authenticité et modernité pour créer des souvenirs uniques. Ce PhotoBooth au design bois chaleureux permet à vos invités de se prendre en photo en toute autonomie. Simple d’utilisation, il propose la capture de clichés personnalisés, avec possibilité d’impression instantanée ou de partage numérique (selon options).","https://static.wixstatic.com/media/2ef057_a02e78eb80a64a1297056fd748991e7e~mv2.png/v1/fit/w_500,h_500,q_90/file.png","https://static.wixstatic.com/media/2ef057_a02e78eb80a64a1297056fd748991e7e~mv2.png/v1/fit/w_500,h_500,q_90/file.png | https://static.wixstatic.com/media/2ef057_72de1864d6764d6c94783a1debebf4f9~mv2.jpg/v1/fit/w_500,h_500,q_90/file.jpg | https://static.wixstatic.com/media/2ef057_1e943adf025a4c439736f8798d54a006~mv2.jpg/v1/fit/w_500,h_500,q_90/file.jpg",3,InStock,https://www.le-splendid.events/product-page/photobooth-bois,photobooth
CHEV-114,Chevalet,decorations,10,1000,Chevalet en bois Support à trois pieds et réglable en hauteur.,"https://static.wixstatic.com/media/2ef057_5b6790b73c364222bf9ed2966a1ba056~mv2.png/v1/fit/w_500,h_500,q_90/file.png","https://static.wixstatic.com/media/2ef057_5b6790b73c364222bf9ed2966a1ba056~mv2.png/v1/fit/w_500,h_500,q_90/file.png | https://static.wixstatic.com/media/2ef057_f4ae7ad5249c4abe86d3b01b9c2d2a24~mv2.jpg/v1/fit/w_500,h_500,q_90/file.jpg | https://static.wixstatic.com/media/2ef057_10ef02b00f554cd88f47f039bf221231~mv2.jpg/v1/fit/w_500,h_500,q_90/file.jpg",3,InStock,https://www.le-splendid.events/product-page/chevalet,
NOEU-ROUG-LYCR-115,Noeud rouge lycra,housses,0.5,50,"Nœud de chaise, l'accessoire parfait pour sublimer vos chaises lors de vos événements.","https://static.wixstatic.com/media/2ef057_fc1dec30bcab405782d4bd9f4bcbdc3b~mv2.png/v1/fit/w_500,h_500,q_90/file.png","https://static.wixstatic.com/media/2ef057_fc1dec30bcab405782d4bd9f4bcbdc3b~mv2.png/v1/fit/w_500,h_500,q_90/file.png | https://static.wixstatic.com/media/2ef057_68276b165efc4669b4063617caa2e466~mv2.jpeg/v1/fit/w_500,h_500,q_90/file.jpg | https://static.wixstatic.com/media/2ef057_bb625845cc44470488248efed5d3c935~mv2.jpeg/v1/fit/w_500,h_500,q_90/file.jpg | https://static.wixstatic.com/media/2ef057_dd1509719d63484fb52a56aa2c00ed3d~mv2.jpeg/v1/fit/w_500,h_500,q_90/file.jpg",4,InStock,https://www.le-splendid.events/product-page/noeud-rouge-lycra,noeud
ENCE-SUR-BATT-116,Enceinte sur batterie,decorations,35,3500,"Enceinte sur batterie avec connexion Bluetooth, parfaite pour vos cérémonies ou petites soirées. Son autonomie et sa portabilité en font un choix idéal pour des événements en extérieur ou sans accès à l’électricité, tout en offrant une qualité sonore optimale.Caractéristiques :Puissance nominale  240 Watts RMSConnexions: Bluetooth, port USB, prise microAutonomie de la batterie: ~25 heuresDurée de charge: ~3 heuresMarque: SONY SRS-XP700","https://static.wixstatic.com/media/2ef057_4e4fcd365d584f0db135d1eb1a8512cc~mv2.png/v1/fit/w_500,h_500,q_90/file.png","https://static.wixstatic.com/media/2ef057_4e4fcd365d584f0db135d1eb1a8512cc~mv2.png/v1/fit/w_500,h_500,q_90/file.png | https://static.wixstatic.com/media/2ef057_80951963eda14375980517b5ea766fe5~mv2.jpg/v1/fit/w_500,h_500,q_90/file.jpg | https://static.wixstatic.com/media/2ef057_0ed974fdd74b407a9e7000811dc4e541~mv2.jpg/v1/fit/w_500,h_500,q_90/file.jpg",3,InStock,https://www.le-splendid.events/product-page/enceinte-sur-batterie,son
TOIL-TOYS-STOR-117,Toile toys story,decorations,15,1500,"Toile de fond toys story pour vos photo, idéale pour créer un décor enchanté lors de vos événements.Louée avec son armature pour une installation facile et rapide.","https://static.wixstatic.com/media/2ef057_4425ad7c0fcd49e486333853f57e38d0~mv2.jpg/v1/fit/w_500,h_500,q_90/file.jpg","https://static.wixstatic.com/media/2ef057_4425ad7c0fcd49e486333853f57e38d0~mv2.jpg/v1/fit/w_500,h_500,q_90/file.jpg",1,InStock,https://www.le-splendid.events/product-page/toile-toys-story,
STRU-GONF-CROC-118,Structure gonflable Crocodile,decorations,210,21000,"Parfaite pour divertir les petits lors de vos événements.Filets de sécurité pour une visibilité et une surveillance optimale des enfants.Obstacles et toboggan intégrés pour des heures d'amusementToboggan en façade pour faciliter la surveillance et l'accès.Elle doit être mise en place dans une zone dégagée, plane et exempte de cailloux pour garantir stabilité et sécurité.Jusqu'à 14 enfantsCertificat de l'organisme de contrôle selon NEN-EN 14960","https://static.wixstatic.com/media/2ef057_a68669f3af8a4ff6a914a6d4559ab587~mv2.png/v1/fit/w_500,h_500,q_90/file.png","https://static.wixstatic.com/media/2ef057_a68669f3af8a4ff6a914a6d4559ab587~mv2.png/v1/fit/w_500,h_500,q_90/file.png",1,InStock,https://www.le-splendid.events/product-page/structure-gonflable-crocodile,gonflable
TABL-BRAS-119,Table brasserie,decorations,11,1100,"Créez une ambiance conviviale et authentique avec notre table spéciale brasserie, parfaite pour les fêtes, festivals, marchés, buvettes et repas en plein air. Sa grande capacité et sa robustesse en font un choix idéal pour accueillir vos convives confortablement.","https://static.wixstatic.com/media/2ef057_b6ab0b6d51934dbcba662ae0e604d67d~mv2.webp/v1/fit/w_500,h_500,q_90/file.webp","https://static.wixstatic.com/media/2ef057_b6ab0b6d51934dbcba662ae0e604d67d~mv2.webp/v1/fit/w_500,h_500,q_90/file.webp",1,InStock,https://www.le-splendid.events/product-page/copie-de-table-rectangulaire,structure
LIVR-D-OR-120,Livre d'or vidéo,decorations,100,10000,"Ajoutez une touche originale à votre événement avec notre livre d’or vidéo.Simple d’utilisation et ludique, il permet à vos invités de laisser des messages spontanés et pleins d’émotions, bien différents en début et en fin de soirée !","https://static.wixstatic.com/media/2ef057_dc439a6cb90c4ea9ab5a538cc5d857fa~mv2.webp/v1/fit/w_500,h_500,q_90/file.webp","https://static.wixstatic.com/media/2ef057_dc439a6cb90c4ea9ab5a538cc5d857fa~mv2.webp/v1/fit/w_500,h_500,q_90/file.webp",1,InStock,https://www.le-splendid.events/product-page/livre-d-or-vid%C3%A9o,livre_dor
ARCH-RUST-121,Arche rustique,decorations,50,5000,L'arche est parfaite pour apporter une touche rustique à votre événement.Un voilage blanc est fourni avec l'arche.Aucun support ni ornement n'est fourni.L'arche est transportée démontée et nécessite un montage avant utilisation.,"https://static.wixstatic.com/media/2ef057_3ac7d52b7694483bb890021d49fdb1c8~mv2.png/v1/fit/w_500,h_500,q_90/file.png","https://static.wixstatic.com/media/2ef057_3ac7d52b7694483bb890021d49fdb1c8~mv2.png/v1/fit/w_500,h_500,q_90/file.png | https://static.wixstatic.com/media/2ef057_29c5bf0d76444e77a9906e344c58d9b3~mv2.jpeg/v1/fit/w_500,h_500,q_90/file.jpg | https://static.wixstatic.com/media/2ef057_7ea51afe89d2492c9bbc7b2f28bc2ea8~mv2.jpeg/v1/fit/w_500,h_500,q_90/file.jpg | https://static.wixstatic.com/media/2ef057_77f702de156e4d08ba0f6c32203fbf09~mv2.jpeg/v1/fit/w_500,h_500,q_90/file.jpg | https://static.wixstatic.com/media/2ef057_cd3a974e3cc34d2085c96233fda7e806~mv2.jpeg/v1/fit/w_500,h_500,q_90/file.jpg",5,InStock,https://www.le-splendid.events/product-page/arche-rustique,structure
NOEU-VIOL-FONC-122,Noeud violet fonçé lycra,housses,0.5,50,"Nœud de chaise, l'accessoire parfait pour sublimer vos chaises lors de vos événements.","https://static.wixstatic.com/media/2ef057_41face2daa604054b16c1ce7c79630a7~mv2.jpg/v1/fit/w_500,h_500,q_90/file.jpg","https://static.wixstatic.com/media/2ef057_41face2daa604054b16c1ce7c79630a7~mv2.jpg/v1/fit/w_500,h_500,q_90/file.jpg",1,InStock,https://www.le-splendid.events/product-page/noeud-violet-fon%C3%A7%C3%A9-lycra,noeud
MUR-CHAM-BLAN-123,Mur champagne blanc,tables,50,5000,"Offrez une présentation chic et originale à vos réceptions avec notre mur à champagne pouvant accueillir jusqu’à 40 coupes (non fournies).  Idéale pour un mariage, un cocktail ou un événement haut de gamme.","https://static.wixstatic.com/media/2ef057_ff2b6e8b37df4d9bb2cb1b5f52624ed7~mv2.jpg/v1/fit/w_500,h_500,q_90/file.jpg","https://static.wixstatic.com/media/2ef057_ff2b6e8b37df4d9bb2cb1b5f52624ed7~mv2.jpg/v1/fit/w_500,h_500,q_90/file.jpg",1,InStock,https://www.le-splendid.events/product-page/mur-champagne-blanc,
TOIL-PIER-LAPI-124,Toile Pierre-lapin,decorations,15,1500,Louée avec son armature pour une installation facile et rapide.,"https://static.wixstatic.com/media/2ef057_c0e1b6c2ce6841af887cae36669f0dfc~mv2.jpg/v1/fit/w_500,h_500,q_90/file.jpg","https://static.wixstatic.com/media/2ef057_c0e1b6c2ce6841af887cae36669f0dfc~mv2.jpg/v1/fit/w_500,h_500,q_90/file.jpg",1,InStock,https://www.le-splendid.events/product-page/toile-pierre-lapin,
ARCH-CARR-125,Arche carrée,decorations,30,3000,L'arche carrée est parfaite pour apporter une touche élégante et moderne à votre événement.Un voilage blanc est fourni avec l'arche.Aucun support ni ornement n'est fourni.L'arche est transportée démontée et nécessite un montage avant utilisation.,"https://static.wixstatic.com/media/2ef057_49451389d6a8487ebae42a6c35d02ee5~mv2.jpg/v1/fit/w_500,h_500,q_90/file.jpg","https://static.wixstatic.com/media/2ef057_49451389d6a8487ebae42a6c35d02ee5~mv2.jpg/v1/fit/w_500,h_500,q_90/file.jpg | https://static.wixstatic.com/media/2ef057_ef56d36a75aa47f8ae4222f498229e7c~mv2.jpg/v1/fit/w_500,h_500,q_90/file.jpg | https://static.wixstatic.com/media/2ef057_066b4d3ba3e54ac5a3ba0014f3a8be11~mv2.jpg/v1/fit/w_500,h_500,q_90/file.jpg | https://static.wixstatic.com/media/2ef057_686c1963fc274fc8ade20c37088b4e1e~mv2.jpg/v1/fit/w_500,h_500,q_90/file.jpg | https://static.wixstatic.com/media/2ef057_aedfd42121dd4ea2971f4960b6ba56a4~mv2.jpg/v1/fit/w_500,h_500,q_90/file.jpg | https://static.wixstatic.com/media/2ef057_fb9e2d4ba7554cd78bbcced185e355d7~mv2.jpg/v1/fit/w_500,h_500,q_90/file.jpg",6,InStock,https://www.le-splendid.events/product-page/arche-carr%C3%A9e,structure
NOEU-OR-SATI-126,Noeud or satin,housses,0.5,50,"Nœud de chaise, l'accessoire parfait pour sublimer vos chaises lors de vos événements.","https://static.wixstatic.com/media/2ef057_b53d7b07540440feb767359637dc9b1f~mv2.png/v1/fit/w_500,h_500,q_90/file.png","https://static.wixstatic.com/media/2ef057_b53d7b07540440feb767359637dc9b1f~mv2.png/v1/fit/w_500,h_500,q_90/file.png | https://static.wixstatic.com/media/2ef057_4732887e46534de1aba99cb3a8bb1b03~mv2.jpg/v1/fit/w_500,h_500,q_90/file.jpg | https://static.wixstatic.com/media/2ef057_fc6b300a12ef47e6a9c81290d2fb7fb2~mv2.jpeg/v1/fit/w_500,h_500,q_90/file.jpg | https://static.wixstatic.com/media/2ef057_f341679600734786a4fd05c133f64e50~mv2.jpeg/v1/fit/w_500,h_500,q_90/file.jpg",4,InStock,https://www.le-splendid.events/product-page/noeud-or-satin,noeud
NOEU-IVOI-ORGA-127,Noeud ivoire organza,housses,0.4,40,"Nœud de chaise, l'accessoire parfait pour sublimer vos chaises lors de vos événements.","https://static.wixstatic.com/media/2ef057_a7af3379cd634a01aaec0606dd303fd0~mv2.png/v1/fit/w_500,h_500,q_90/file.png","https://static.wixstatic.com/media/2ef057_a7af3379cd634a01aaec0606dd303fd0~mv2.png/v1/fit/w_500,h_500,q_90/file.png | https://static.wixstatic.com/media/2ef057_7d8a8f0b39214a11a8dc224abd9b3595~mv2.png/v1/fit/w_500,h_500,q_90/file.png | https://static.wixstatic.com/media/2ef057_268c81b2d8f24976bce29bc4fdf73b06~mv2.jpeg/v1/fit/w_500,h_500,q_90/file.jpg | https://static.wixstatic.com/media/2ef057_21dbde55b1e7439ebefc0b4d91feafb2~mv2.jpeg/v1/fit/w_500,h_500,q_90/file.jpg",4,InStock,https://www.le-splendid.events/product-page/noeud-ivoire-organza,noeud
BAR-PALE-128,Bar palette,mobilier,40,4000,Bar en bois.Plusieurs pancartes disponibles :&#009;Candy Bar&#009;Bar à Sirops&#009;Limonade,"https://static.wixstatic.com/media/2ef057_fe55036d95fa46919b0975ef30eaeb5c~mv2.png/v1/fit/w_500,h_500,q_90/file.png","https://static.wixstatic.com/media/2ef057_fe55036d95fa46919b0975ef30eaeb5c~mv2.png/v1/fit/w_500,h_500,q_90/file.png | https://static.wixstatic.com/media/2ef057_f16735cc5cf243818c26c833e94416d0~mv2.jpg/v1/fit/w_500,h_500,q_90/file.jpg | https://static.wixstatic.com/media/2ef057_407500fc7e77482588bbf662089fde9f~mv2.jpg/v1/fit/w_500,h_500,q_90/file.jpg | https://static.wixstatic.com/media/2ef057_18e43017794d47328a393e28ed398662~mv2.jpeg/v1/fit/w_500,h_500,q_90/file.jpg | https://static.wixstatic.com/media/2ef057_0dd90c0155764cf3ade5debbf59890c4~mv2.jpeg/v1/fit/w_500,h_500,q_90/file.jpg",5,InStock,https://www.le-splendid.events/product-page/bar-palette,bois
HOUS-MANG-DEBO-129,Housse mange debout,housses,3,300,"Housse de mange-debout en lycra tendu, adaptable aux tables d'environ 80 cm de diamètre et 110 cm de hauteur. La housse est louée propre, et le nettoyage est effectué par nos soins.","https://static.wixstatic.com/media/2ef057_596ddd86dfd348dc92f52d4cfe1a688b~mv2.png/v1/fit/w_500,h_500,q_90/file.png","https://static.wixstatic.com/media/2ef057_596ddd86dfd348dc92f52d4cfe1a688b~mv2.png/v1/fit/w_500,h_500,q_90/file.png | https://static.wixstatic.com/media/2ef057_09ce4bbb5efd44e8963fa437236d08ad~mv2.webp/v1/fit/w_500,h_500,q_90/file.webp",2,InStock,https://www.le-splendid.events/product-page/housse-mange-debout,housse
STRU-GONF-REQU-130,Structure gonflable Requin,decorations,210,21000,"Parfaite pour divertir les petits lors de vos événements.Filets de sécurité pour une visibilité et une surveillance optimale des enfants.Obstacles et toboggan intégrés pour des heures d'amusementToboggan en façade pour faciliter la surveillance et l'accès.Elle doit être mise en place dans une zone dégagée, plane et exempte de cailloux pour garantir stabilité et sécurité. Jusqu'à 14 enfantsCertificat de l'organisme de contrôle selon NEN-EN 14960","https://static.wixstatic.com/media/2ef057_8d6de95d8d3a46c09171262962b86d5f~mv2.png/v1/fit/w_500,h_500,q_90/file.png","https://static.wixstatic.com/media/2ef057_8d6de95d8d3a46c09171262962b86d5f~mv2.png/v1/fit/w_500,h_500,q_90/file.png | https://static.wixstatic.com/media/2ef057_fc11891da7a3402aa7432b976b18125a~mv2.jpg/v1/fit/w_500,h_500,q_90/file.jpg | https://static.wixstatic.com/media/2ef057_187f6e342fab44a8a37c684b4d6e8da0~mv2.jpg/v1/fit/w_500,h_500,q_90/file.jpg | https://static.wixstatic.com/media/2ef057_9d4ea3ca122840119896b64cccfa3fae~mv2.jpeg/v1/fit/w_500,h_500,q_90/file.jpg | https://static.wixstatic.com/media/2ef057_cb876e2be8ba4197822e99bbcb887c5a~mv2.jpeg/v1/fit/w_500,h_500,q_90/file.jpg",5,InStock,https://www.le-splendid.events/product-page/structure-gonflable-requin,gonflable
POTE-DE-BALI-131,Poteau de balisage,decorations,4,400,Le poteau de balisage est indispensable pour orienter et guider vos clients sur votre événement. Placer vos poteaux de guidage de manière à baliser des endroits tant privés que publics.Le poteau de guidage enrouleur a une longueur maximum de 2 mètres. ,"https://static.wixstatic.com/media/2ef057_08aa6a5f9b544536aa474af303596ef8~mv2.jpg/v1/fit/w_500,h_500,q_90/file.jpg","https://static.wixstatic.com/media/2ef057_08aa6a5f9b544536aa474af303596ef8~mv2.jpg/v1/fit/w_500,h_500,q_90/file.jpg",1,InStock,https://www.le-splendid.events/product-page/poteau-de-balisage,
TOIL-NOIR-ET-132,Toile noir et or,decorations,15,1500,"Toile de fond noir et or pour vos photo, idéale pour créer un décor élégant lors de vos événements.Louée avec son armature pour une installation facile et rapide.","https://static.wixstatic.com/media/2ef057_6995f5a925a6420a873fe924407dd4b1~mv2.jpg/v1/fit/w_500,h_500,q_90/file.jpg","https://static.wixstatic.com/media/2ef057_6995f5a925a6420a873fe924407dd4b1~mv2.jpg/v1/fit/w_500,h_500,q_90/file.jpg",1,InStock,https://www.le-splendid.events/product-page/toile-noir-et-or,
JET-DE-SCEN-133,Jet de scène (à l'unité),decorations,20,2000,Jet d'étincelles (usage unique) : 3 mètres de portée pour 60 secondes d’effet.Fonctionne avec une base et une télécommande (inclus).Homologué pour un usage intérieur. ⚠️ Ceci est un artifice. Veuillez veiller à ne laisser aucun objet inflammable à proximité au moment du déclenchement.,"https://static.wixstatic.com/media/2ef057_0a4e8a19b77a49d2aa1894052b864f45~mv2.png/v1/fit/w_500,h_500,q_90/file.png","https://static.wixstatic.com/media/2ef057_0a4e8a19b77a49d2aa1894052b864f45~mv2.png/v1/fit/w_500,h_500,q_90/file.png | https://static.wixstatic.com/media/2ef057_d2135e11f03641d1b0434dbb5e5b7cae~mv2.jpg/v1/fit/w_500,h_500,q_90/file.jpg | https://static.wixstatic.com/media/2ef057_8f8b4ccb067845b7b3603c113023aa5d~mv2.png/v1/fit/w_500,h_500,q_90/file.png",3,InStock,https://www.le-splendid.events/product-page/jet-de-sc%C3%A8ne,
GOBO-LED-134,Gobo LED,machines,12,1200,"Gobo LED professionnel, idéal pour animer et illuminer votre piste de danse.Fonctionne en mode autonome, s'adaptant au rythme de la musique.","https://static.wixstatic.com/media/2ef057_e12ae504f9744391b5329d3cfd8f01a1~mv2.png/v1/fit/w_500,h_500,q_90/file.png","https://static.wixstatic.com/media/2ef057_e12ae504f9744391b5329d3cfd8f01a1~mv2.png/v1/fit/w_500,h_500,q_90/file.png | https://static.wixstatic.com/media/2ef057_83a05863c41f48c39223588441000351~mv2.jpg/v1/fit/w_500,h_500,q_90/file.jpg | https://static.wixstatic.com/media/2ef057_3593b6beec7b4f12b93b65092f9ec825~mv2.jpeg/v1/fit/w_500,h_500,q_90/file.jpg | https://static.wixstatic.com/media/2ef057_231af7e54ce344c997ce3bcaa5b825e2~mv2.jpeg/v1/fit/w_500,h_500,q_90/file.jpg | https://static.wixstatic.com/media/2ef057_7dd78e644dac40ab88b79c7edb829461~mv2.jpeg/v1/fit/w_500,h_500,q_90/file.jpg",5,InStock,https://www.le-splendid.events/product-page/gobo-led,
TOIL-FORE-135,Toile Forêt,decorations,15,1500,Louée avec son armature pour une installation facile et rapide.,"https://static.wixstatic.com/media/2ef057_32b1d25c87d042b9ba6e01371a704632~mv2.webp/v1/fit/w_500,h_500,q_90/file.webp","https://static.wixstatic.com/media/2ef057_32b1d25c87d042b9ba6e01371a704632~mv2.webp/v1/fit/w_500,h_500,q_90/file.webp",1,InStock,https://www.le-splendid.events/product-page/toile-for%C3%AAt,
DOMI-GEAN-136,Domino géant,decorations,12,1200,"Jeu de dominos en bois géant, idéal pour divertir petits et grands !Parfait pour ajouter une animation originale à vos événements.","https://static.wixstatic.com/media/2ef057_8b485a319dc3475aa7763b6c41f5c158~mv2.jpg/v1/fit/w_500,h_500,q_90/file.jpg","https://static.wixstatic.com/media/2ef057_8b485a319dc3475aa7763b6c41f5c158~mv2.jpg/v1/fit/w_500,h_500,q_90/file.jpg | https://static.wixstatic.com/media/2ef057_e9bf56ea1b9b42e59e28942b9d40b3d9~mv2.jpg/v1/fit/w_500,h_500,q_90/file.jpg",2,InStock,https://www.le-splendid.events/product-page/domino-g%C3%A9ant,animation
NOEU-GRIS-ORGA-137,Noeud gris organza,housses,0.4,40,"Nœud de chaise, l'accessoire parfait pour sublimer vos chaises lors de vos événements.","https://static.wixstatic.com/media/2ef057_e87b5e5e6cb5446fa56cef36e037b593~mv2.png/v1/fit/w_500,h_500,q_90/file.png","https://static.wixstatic.com/media/2ef057_e87b5e5e6cb5446fa56cef36e037b593~mv2.png/v1/fit/w_500,h_500,q_90/file.png | https://static.wixstatic.com/media/2ef057_132f45038bd847a3acb2fb00e6940724~mv2.jpeg/v1/fit/w_500,h_500,q_90/file.jpg | https://static.wixstatic.com/media/2ef057_0b480e7c25694d54af3c9ac808f8c2a1~mv2.jpeg/v1/fit/w_500,h_500,q_90/file.jpg",3,InStock,https://www.le-splendid.events/product-page/noeud-gris-organza,noeud
GUIR-GUIN-138,Guirlande Guinguette,decorations,10,1000,"Guirlande lumineuse à LED de 10 mètres, parfaite pour créer une ambiance romantique lors de votre mariage.Les ampoules en plastique et résistante à l'eau (IP65), elle convient aussi bien pour une utilisation en intérieur qu'en extérieur.Profitez d’un éclairage blanc chaud de 2700K,  pour illuminer votre espace de manière élégante et chaleureuse.","https://static.wixstatic.com/media/2ef057_970fa724cce44b05b3dcd8f5769e94a7~mv2.jpg/v1/fit/w_500,h_500,q_90/file.jpg","https://static.wixstatic.com/media/2ef057_970fa724cce44b05b3dcd8f5769e94a7~mv2.jpg/v1/fit/w_500,h_500,q_90/file.jpg",1,InStock,https://www.le-splendid.events/product-page/guirlande-guinguette,eclairage
STRU-GONF-ANS-139,Structure gonflable (- 8 ans),decorations,120,12000,"Amusez les plus jeunes en toute sécurité avec notre structure gonflable spécialement conçue pour les enfants de 3 à 8 ans. Colorée, ludique et adaptée à leur taille, elle offre un espace de jeu idéal pour sauter, grimper et se défouler en toute liberté.","https://static.wixstatic.com/media/2ef057_2b6ed2229a7044cd842ae20d0f4a72fa~mv2.jpg/v1/fit/w_500,h_500,q_90/file.jpg","https://static.wixstatic.com/media/2ef057_2b6ed2229a7044cd842ae20d0f4a72fa~mv2.jpg/v1/fit/w_500,h_500,q_90/file.jpg | https://static.wixstatic.com/media/2ef057_776170ff92054d2db2e556c293168150~mv2.jpg/v1/fit/w_500,h_500,q_90/file.jpg | https://static.wixstatic.com/media/2ef057_8f7aada15cb04235bf5918e987821c22~mv2.jpg/v1/fit/w_500,h_500,q_90/file.jpg",3,InStock,https://www.le-splendid.events/product-page/structure-gonflable-petits,gonflable
ARCH-CIRC-140,Arche circulaire,decorations,20,2000,L'arche circulaire est idéale pour créer une décoration avec des ballons ou un décor plus sobre.Aucun support ni ornement n'est fourni.L'arche est transportée démontée et nécessite un montage avant utilisation.,"https://static.wixstatic.com/media/2ef057_097dca8dda6d45b38e4065282bad8570~mv2.jpeg/v1/fit/w_500,h_500,q_90/file.jpg","https://static.wixstatic.com/media/2ef057_097dca8dda6d45b38e4065282bad8570~mv2.jpeg/v1/fit/w_500,h_500,q_90/file.jpg | https://static.wixstatic.com/media/2ef057_7fe9154246ca48468c648b715aa79474~mv2.jpeg/v1/fit/w_500,h_500,q_90/file.jpg | https://static.wixstatic.com/media/2ef057_3b6a345d09f0445c917ee131b0a60117~mv2.jpeg/v1/fit/w_500,h_500,q_90/file.jpg | https://static.wixstatic.com/media/2ef057_196610513a744dad8226a31bf56faf33~mv2.jpg/v1/fit/w_500,h_500,q_90/file.jpg | https://static.wixstatic.com/media/2ef057_4e0418dac98d43b8bacf50b953a890cc~mv2.jpg/v1/fit/w_500,h_500,q_90/file.jpg",5,InStock,https://www.le-splendid.events/product-page/arche-circulaire,structure | ballons
JEU-DE-FLEC-141,Jeu de Fléchettes,decorations,120,12000,"Offrez une animation originale et ludique à vos événements avec notre jeu de fléchettes gonflable grandeur nature. Accessible à tous les âges, il promet des moments de rire et de challenge entre amis, en famille ou entre collègues.","https://static.wixstatic.com/media/2ef057_db84918924bc4901b53cd4bb4464f661~mv2.jpg/v1/fit/w_500,h_500,q_90/file.jpg","https://static.wixstatic.com/media/2ef057_db84918924bc4901b53cd4bb4464f661~mv2.jpg/v1/fit/w_500,h_500,q_90/file.jpg",1,InStock,https://www.le-splendid.events/product-page/jeu-de-fl%C3%A9chettes,animation | gonflable | jeu
TOIL-BOHE-142,Toile Bohème,decorations,15,1500,Louée avec son armature pour une installation facile et rapide.,"https://static.wixstatic.com/media/2ef057_c43e4b322d88432e80bd4ce517fdbe5b~mv2.jpg/v1/fit/w_500,h_500,q_90/file.jpg","https://static.wixstatic.com/media/2ef057_c43e4b322d88432e80bd4ce517fdbe5b~mv2.jpg/v1/fit/w_500,h_500,q_90/file.jpg",1,InStock,https://www.le-splendid.events/product-page/toile-boh%C3%A8me,
TABO-DE-BAR-143,Tabouret de bar,chaises,4,400,Ce tabouret pliable est l’allié idéal pour accompagner vos mange-debout et bars lors de vos événements. ,"https://static.wixstatic.com/media/2ef057_975d37f0ba414e7bb4cb0c5fca8080ec~mv2.png/v1/fit/w_500,h_500,q_90/file.png","https://static.wixstatic.com/media/2ef057_975d37f0ba414e7bb4cb0c5fca8080ec~mv2.png/v1/fit/w_500,h_500,q_90/file.png",1,InStock,https://www.le-splendid.events/product-page/tabouret-de-bar,
FONT-A-PUNC-144,Fontaine à punch (Baril en métal),decorations,35,3500,"Fontaine à punch baril en métal, non réfrigérée, avec une capacité de 50 litres.","https://static.wixstatic.com/media/2ef057_d030b116c301472c86893394f7497d88~mv2.png/v1/fit/w_500,h_500,q_90/file.png","https://static.wixstatic.com/media/2ef057_d030b116c301472c86893394f7497d88~mv2.png/v1/fit/w_500,h_500,q_90/file.png | https://static.wixstatic.com/media/2ef057_3ad963b030354e59bc0c92f80d0ba470~mv2.jpeg/v1/fit/w_500,h_500,q_90/file.jpg | https://static.wixstatic.com/media/2ef057_4569637615de4152ab5a0734633e226a~mv2.jpg/v1/fit/w_500,h_500,q_90/file.jpg | https://static.wixstatic.com/media/2ef057_3ee05124d4a24bfc93984710e459683c~mv2.jpg/v1/fit/w_500,h_500,q_90/file.jpg",4,InStock,https://www.le-splendid.events/product-page/fontaine-%C3%A0-punch-baril-en-m%C3%A9tal,
TOIL-VERT-145,Toile Verte,decorations,15,1500,Louée avec son armature pour une installation facile et rapide.,"https://static.wixstatic.com/media/2ef057_1217623bc3de45e48d188ff494991b0a~mv2.jpg/v1/fit/w_500,h_500,q_90/file.jpg","https://static.wixstatic.com/media/2ef057_1217623bc3de45e48d188ff494991b0a~mv2.jpg/v1/fit/w_500,h_500,q_90/file.jpg",1,InStock,https://www.le-splendid.events/product-page/toile-verte,
NOEU-BLEU-SATI-146,Noeud bleu satin,housses,0.5,50,"Nœud de chaise, l'accessoire parfait pour sublimer vos chaises lors de vos événements.","https://static.wixstatic.com/media/2ef057_fd5d521dc3b147e4b1500a89b2aadc6f~mv2.png/v1/fit/w_500,h_500,q_90/file.png","https://static.wixstatic.com/media/2ef057_fd5d521dc3b147e4b1500a89b2aadc6f~mv2.png/v1/fit/w_500,h_500,q_90/file.png | https://static.wixstatic.com/media/2ef057_b2418ee0be0c4049bc668580ef9078f9~mv2.png/v1/fit/w_500,h_500,q_90/file.png",2,InStock,https://www.le-splendid.events/product-page/noeud-bleu-satin,noeud
ARCH-PORT-147,Arche portes,decorations,90,9000,L'arche est parfaite pour apporter une touche rustique à votre événement.Un voilage blanc est fourni avec l'arche.Aucun support ni ornement n'est fourni.L'arche est transportée démontée et nécessite un montage avant utilisation.,"https://static.wixstatic.com/media/2ef057_f3277308c00f40219deae82cd5520fe9~mv2.jpg/v1/fit/w_500,h_500,q_90/file.jpg","https://static.wixstatic.com/media/2ef057_f3277308c00f40219deae82cd5520fe9~mv2.jpg/v1/fit/w_500,h_500,q_90/file.jpg | https://static.wixstatic.com/media/2ef057_a6e71839bbdd41b3929ad5be85004cd8~mv2.jpg/v1/fit/w_500,h_500,q_90/file.jpg",2,InStock,https://www.le-splendid.events/product-page/arche-portes,structure
GUIR-LED-148,Guirlande LED,decorations,2,200,"Guirlande LED de 10m fonctionnant à piles (3 piles AA non fournies).Idéale pour illuminer vos tentures ou pour intégrer facilement dans votre décoration, pour créer une ambiance chaleureuse.","https://static.wixstatic.com/media/2ef057_f5b2ea2c83af41c7bb27143963fd0025~mv2.webp/v1/fit/w_500,h_500,q_90/file.webp","https://static.wixstatic.com/media/2ef057_f5b2ea2c83af41c7bb27143963fd0025~mv2.webp/v1/fit/w_500,h_500,q_90/file.webp | https://static.wixstatic.com/media/2ef057_52d4048ca35f4848a34776f62cd3f722~mv2.jpg/v1/fit/w_500,h_500,q_90/file.jpg | https://static.wixstatic.com/media/2ef057_824a9b3c8b75443d998466e8496d1c95~mv2.jpeg/v1/fit/w_500,h_500,q_90/file.jpg | https://static.wixstatic.com/media/2ef057_4c4fb7542b7644118b68a6da8de547f9~mv2.jpeg/v1/fit/w_500,h_500,q_90/file.jpg",4,InStock,https://www.le-splendid.events/product-page/guirlande-led,eclairage
NOEU-BORD-COTO-149,Noeud bordeau coton,housses,0.5,50,"Nœud de chaise, l'accessoire parfait pour sublimer vos chaises lors de vos événements.","https://static.wixstatic.com/media/2ef057_179bd5f59f324890ac9fd589829d1710~mv2.png/v1/fit/w_500,h_500,q_90/file.png","https://static.wixstatic.com/media/2ef057_179bd5f59f324890ac9fd589829d1710~mv2.png/v1/fit/w_500,h_500,q_90/file.png | https://static.wixstatic.com/media/2ef057_a4025ed1371e40a0a716271865173f2f~mv2.jpeg/v1/fit/w_500,h_500,q_90/file.jpg | https://static.wixstatic.com/media/2ef057_f8b01427a8cb4f44a597996f5dd56ed6~mv2.jpeg/v1/fit/w_500,h_500,q_90/file.jpg | https://static.wixstatic.com/media/2ef057_a056c4e68e114698bc13a4e4cac8f21d~mv2.png/v1/fit/w_500,h_500,q_90/file.png",4,InStock,https://www.le-splendid.events/product-page/noeud-bordeau-coton,noeud
ROUE-EN-BOIS-150,Roue en bois,decorations,10,1000,"Roue en bois, idéale pour une décoration rustique ou vintage. Parfaite pour apporter une touche originale à vos événements.","https://static.wixstatic.com/media/2ef057_9cac91ebf0d14a35abc4dad225627c77~mv2.jpg/v1/fit/w_500,h_500,q_90/file.jpg","https://static.wixstatic.com/media/2ef057_9cac91ebf0d14a35abc4dad225627c77~mv2.jpg/v1/fit/w_500,h_500,q_90/file.jpg | https://static.wixstatic.com/media/2ef057_b15b2edfa3754e4fa49f22d8c241a886~mv2.jpeg/v1/fit/w_500,h_500,q_90/file.jpg | https://static.wixstatic.com/media/2ef057_b26df714882443a18b33ad27306a2f2f~mv2.jpg/v1/fit/w_500,h_500,q_90/file.jpg",3,InStock,https://www.le-splendid.events/product-page/roue-en-bois,
TOIL-NOEL-CHEM-151,Toile Noël cheminée,nappages,15,1500,Louée avec son armature pour une installation facile et rapide.,"https://static.wixstatic.com/media/2ef057_44f050087c6d490e9963538c40dd3cd8~mv2.jpg/v1/fit/w_500,h_500,q_90/file.jpg","https://static.wixstatic.com/media/2ef057_44f050087c6d490e9963538c40dd3cd8~mv2.jpg/v1/fit/w_500,h_500,q_90/file.jpg",1,InStock,https://www.le-splendid.events/product-page/toile-no%C3%ABl-chemin%C3%A9e,photobooth
NOEU-TURQ-LYCR-152,Noeud turquoise lycra,housses,0.5,50,"Nœud de chaise, l'accessoire parfait pour sublimer vos chaises lors de vos événements.","https://static.wixstatic.com/media/2ef057_9427bbe4616f41c79761c39b736482d9~mv2.png/v1/fit/w_500,h_500,q_90/file.png","https://static.wixstatic.com/media/2ef057_9427bbe4616f41c79761c39b736482d9~mv2.png/v1/fit/w_500,h_500,q_90/file.png | https://static.wixstatic.com/media/2ef057_a0821682f9b74c4f8371bb08f02c3fa7~mv2.png/v1/fit/w_500,h_500,q_90/file.png",2,InStock,https://www.le-splendid.events/product-page/noeud-turquoise-lycra,noeud
LANC-D-ANNE-153,Lancer d'anneaux,decorations,10,1000,"Lancer d'anneaux, un jeu d'adresse classique qui ravira vos invités !Parfait pour les fêtes, les événements en plein air ou les animations de mariage.","https://static.wixstatic.com/media/2ef057_e42891318f834024b6a5eb733d6cd75f~mv2.png/v1/fit/w_500,h_500,q_90/file.png","https://static.wixstatic.com/media/2ef057_e42891318f834024b6a5eb733d6cd75f~mv2.png/v1/fit/w_500,h_500,q_90/file.png",1,InStock,https://www.le-splendid.events/product-page/lancer-d-anneaux,animation
BONB-EN-VERR-154,Bonbonnières en verre dépareillées (lot de 10),decorations,15,1500,"Lot de 10 bonbonnières en verre, idéal pour vos décorations de table ou candy bar.Les formes et contenances aléatoires. ⚠️Ce matériel est loué propre. Le matériel doit être rendu propre. Frais de nétoyage 10€","https://static.wixstatic.com/media/2ef057_8f7d86535a394b809b66afc36d13561d~mv2.webp/v1/fit/w_500,h_500,q_90/file.webp","https://static.wixstatic.com/media/2ef057_8f7d86535a394b809b66afc36d13561d~mv2.webp/v1/fit/w_500,h_500,q_90/file.webp | https://static.wixstatic.com/media/2ef057_bc7e6089dd864cc5b9fcd265e2473df4~mv2.jpeg/v1/fit/w_500,h_500,q_90/file.jpg | https://static.wixstatic.com/media/2ef057_187065446713449892fa7d42ed03d307~mv2.jpg/v1/fit/w_500,h_500,q_90/file.jpg | https://static.wixstatic.com/media/2ef057_847d6108f33342d9b01a93bfb4b1343f~mv2.jpeg/v1/fit/w_500,h_500,q_90/file.jpg",4,InStock,https://www.le-splendid.events/product-page/bonbonni%C3%A8res-en-verre-lot-de-10,
PACK-SON-155,Pack Son,decorations,65,6500,Pack composé de deux enceintes de 300W RMS avec un haut-parleur de 15&quot; offre une puissance et une qualité sonore exceptionnelles.Elle est équipée d'une entrée XLRidéale pour une utilisation en façade ou en bain de pied. ,"https://static.wixstatic.com/media/2ef057_b2ef463b66e74a69bb1f5d28b3c713e7~mv2.png/v1/fit/w_500,h_500,q_90/file.png","https://static.wixstatic.com/media/2ef057_b2ef463b66e74a69bb1f5d28b3c713e7~mv2.png/v1/fit/w_500,h_500,q_90/file.png | https://static.wixstatic.com/media/2ef057_437296b107be4fc2aa94680382a33347~mv2.jpg/v1/fit/w_500,h_500,q_90/file.jpg | https://static.wixstatic.com/media/2ef057_18232dd0b5e84bbdb89d08c26172e05d~mv2.jpeg/v1/fit/w_500,h_500,q_90/file.jpg | https://static.wixstatic.com/media/2ef057_3665a9c08bac415ea523481f2199d332~mv2.png/v1/fit/w_500,h_500,q_90/file.png",4,InStock,https://www.le-splendid.events/product-page/pack-son,son
POT-A-LAIT-156,Pot à lait,decorations,5,500,"Ce pot à lait au style vintage est un élément de décoration parfait pour vos événements. Il ajoute une touche champêtre et authentique à votre décor.Idéal comme vase, il s'intègre parfaitement à un thème rustique.","https://static.wixstatic.com/media/2ef057_a5480274c6234fef87a372c8fc3fda6f~mv2.jpeg/v1/fit/w_500,h_500,q_90/file.jpg","https://static.wixstatic.com/media/2ef057_a5480274c6234fef87a372c8fc3fda6f~mv2.jpeg/v1/fit/w_500,h_500,q_90/file.jpg | https://static.wixstatic.com/media/2ef057_c259e87b1ad94d80bea8b3a69a2ca65a~mv2.jpeg/v1/fit/w_500,h_500,q_90/file.jpg | https://static.wixstatic.com/media/2ef057_4816081b794546f3a1521c149b82063e~mv2.jpeg/v1/fit/w_500,h_500,q_90/file.jpg",3,InStock,https://www.le-splendid.events/product-page/pot-%C3%A0-lait,centre_table
VASE-DAME-JEAN-157,Vase Dame Jeanne,decorations,8,800,"Vase Dame Jeanne, parfait pour une décoration vintage et bohème.Taille, couleur et forme aléatoires, ajoutant une touche unique à chaque événement.","https://static.wixstatic.com/media/2ef057_e73a7bcaf3f84e0fb07fc2d94c53e5f9~mv2.jpg/v1/fit/w_500,h_500,q_90/file.jpg","https://static.wixstatic.com/media/2ef057_e73a7bcaf3f84e0fb07fc2d94c53e5f9~mv2.jpg/v1/fit/w_500,h_500,q_90/file.jpg | https://static.wixstatic.com/media/2ef057_84b7a4520a5d4db1b9cefd69a7d96151~mv2.jpeg/v1/fit/w_500,h_500,q_90/file.jpg | https://static.wixstatic.com/media/2ef057_4aefcddfda3944a3b594298d3f0d5509~mv2.jpeg/v1/fit/w_500,h_500,q_90/file.jpg | https://static.wixstatic.com/media/2ef057_c00423f931834d32b47fb1fd1bb87d4f~mv2.jpg/v1/fit/w_500,h_500,q_90/file.jpg",4,InStock,https://www.le-splendid.events/product-page/vase-dame-jeanne,centre_table
ARCH-DEMI-ROND-158,Arche demi-ronde blanche,decorations,20,2000,L'arche demi ronde est idéale pour faire un décor ballon ou allors un décors plus sobre .Aucun support ni ornement n'est fourni.L'arche est transportée démontée et nécessite un montage avant utilisation.,"https://static.wixstatic.com/media/2ef057_168a39e82c2b447aba7235373cc91e58~mv2.jpg/v1/fit/w_500,h_500,q_90/file.jpg","https://static.wixstatic.com/media/2ef057_168a39e82c2b447aba7235373cc91e58~mv2.jpg/v1/fit/w_500,h_500,q_90/file.jpg | https://static.wixstatic.com/media/2ef057_b18e21b7fc1040a68c7d93418d78f164~mv2.jpeg/v1/fit/w_500,h_500,q_90/file.jpg | https://static.wixstatic.com/media/2ef057_64718333ac114cd49ed3bff66bd7d522~mv2.jpg/v1/fit/w_500,h_500,q_90/file.jpg | https://static.wixstatic.com/media/2ef057_e5ce8b0149474593ac8d25879220b2d2~mv2.jpeg/v1/fit/w_500,h_500,q_90/file.jpg",4,InStock,https://www.le-splendid.events/product-page/arche-demi-ronde-blanche,structure | ballons
MICR-FILA-159,Micro filaire,decorations,10,1000,Sortie DMX ou Jack 6.35mm,"https://static.wixstatic.com/media/2ef057_d22e722d43264361a4e6171a0cf31d42~mv2.jpg/v1/fit/w_500,h_500,q_90/file.jpg","https://static.wixstatic.com/media/2ef057_d22e722d43264361a4e6171a0cf31d42~mv2.jpg/v1/fit/w_500,h_500,q_90/file.jpg",1,InStock,https://www.le-splendid.events/product-page/micro-filaire,son
VASE-160,Vase,decorations,1,100,"Vase, idéal pour sublimer vos décorations de mariage ou événements.Parfait pour accueillir des compositions florales et apporter une touche élégante à vos tables. ","https://static.wixstatic.com/media/2ef057_d9dc7accc0b340579955c015dc60d0d0~mv2.png/v1/fit/w_500,h_500,q_90/file.png","https://static.wixstatic.com/media/2ef057_d9dc7accc0b340579955c015dc60d0d0~mv2.png/v1/fit/w_500,h_500,q_90/file.png | https://static.wixstatic.com/media/2ef057_07e1095b2dac4bbf8edb6e84694dd4f9~mv2.jpeg/v1/fit/w_500,h_500,q_90/file.jpg | https://static.wixstatic.com/media/2ef057_be78889fc7474b46b75724f36ce7fd51~mv2.jpeg/v1/fit/w_500,h_500,q_90/file.jpg",3,InStock,https://www.le-splendid.events/product-page/vase,centre_table
FAUT-EMMA-LOT-161,Fauteuils Emmanuelle (lot de 2),chaises,100,10000,"Lot de 2 fauteuils Emmanuelle, véritables icônes du style bohème chic.Avec leur design tressé en rotin, ils apportent une touche d'élégance et d'exotisme à vos événements.","https://static.wixstatic.com/media/2ef057_e99b052ccc0c44499aa8eb7707e51da7~mv2.jpg/v1/fit/w_500,h_500,q_90/file.jpg","https://static.wixstatic.com/media/2ef057_e99b052ccc0c44499aa8eb7707e51da7~mv2.jpg/v1/fit/w_500,h_500,q_90/file.jpg | https://static.wixstatic.com/media/2ef057_108c20cdff8c487282d91f7f888a4f16~mv2.jpg/v1/fit/w_500,h_500,q_90/file.jpg | https://static.wixstatic.com/media/2ef057_4e07c5640798416dbfb00ea1e87dda38~mv2.jpg/v1/fit/w_500,h_500,q_90/file.jpg | https://static.wixstatic.com/media/2ef057_f0a023cfdb5b4c88a23afd506700d7a5~mv2.jpg/v1/fit/w_500,h_500,q_90/file.jpg",4,InStock,https://www.le-splendid.events/product-page/fauteuils-emmanuelle-lot-de-2,
MALL-162,Malle,decorations,3,300,"Malle vintage, idéale pour ajouter une touche rétro et élégante à votre décoration.La couleur (noir ou marron) et le modèle sont aléatoires. ","https://static.wixstatic.com/media/2ef057_45e83e5fe6d9448d95e4f4ac8d6a74e9~mv2.jpeg/v1/fit/w_500,h_500,q_90/file.jpg","https://static.wixstatic.com/media/2ef057_45e83e5fe6d9448d95e4f4ac8d6a74e9~mv2.jpeg/v1/fit/w_500,h_500,q_90/file.jpg | https://static.wixstatic.com/media/2ef057_9980eb81ee094aa5b76693d6f19925b0~mv2.jpg/v1/fit/w_500,h_500,q_90/file.jpg",2,InStock,https://www.le-splendid.events/product-page/malle,
NOEU-NOIR-LYCR-163,Noeud noir lycra,housses,0.5,50,"Nœud de chaise, l'accessoire parfait pour sublimer vos chaises lors de vos événements.","https://static.wixstatic.com/media/2ef057_7c5d9d2f131f4fc7af584ca4363f2772~mv2.png/v1/fit/w_500,h_500,q_90/file.png","https://static.wixstatic.com/media/2ef057_7c5d9d2f131f4fc7af584ca4363f2772~mv2.png/v1/fit/w_500,h_500,q_90/file.png | https://static.wixstatic.com/media/2ef057_384ce52c637241d7b7fb12095778d214~mv2.jpeg/v1/fit/w_500,h_500,q_90/file.jpg",2,InStock,https://www.le-splendid.events/product-page/noeud-noir-lycra,noeud
ARCH-TRIA-164,Arche triange,decorations,24,2400,L'arche hexagonale est idéale pour ajouter une touche moderne et élégante à votre événement.Un voilage blanc est fourni avec l'arche.Aucun support ni ornement n'est fourni.L'arche est transportée démontée et nécessite un montage avant utilisation.,"https://static.wixstatic.com/media/2ef057_3f32da3ab2de4d909864e86e8bca625e~mv2.jpg/v1/fit/w_500,h_500,q_90/file.jpg","https://static.wixstatic.com/media/2ef057_3f32da3ab2de4d909864e86e8bca625e~mv2.jpg/v1/fit/w_500,h_500,q_90/file.jpg",1,InStock,https://www.le-splendid.events/product-page/arche-triange,structure
TOIL-GEND-REVE-165,Toile gender reveal,decorations,15,1500,"Toile de fond gender reveal pour vos photos, idéale pour créer un décor lors de la révélation du sexe de votre futur bébé.Louée avec son armature pour une installation facile et rapide.","https://static.wixstatic.com/media/2ef057_f79f493738c542bb83e93a0877738252~mv2.jpg/v1/fit/w_500,h_500,q_90/file.jpg","https://static.wixstatic.com/media/2ef057_f79f493738c542bb83e93a0877738252~mv2.jpg/v1/fit/w_500,h_500,q_90/file.jpg",1,InStock,https://www.le-splendid.events/product-page/toile-gender-reveal,bapteme
VIDE-166,VideoBooth 360,accessoires_transport,165,16500,"Le VideoBooth 360 est une animation qui offre une nouvelle expérience à vos invités.Grâce à sa plateforme rotative, il capture des vidéos à 360°, créant des souvenirs dynamiques et inoubliables.Les utilisateurs peuvent se placer sur la plateforme pendant que la caméra tourne autour d'eux, vous offrant des vidéos originales, prêtes à être partagées sur les réseaux sociaux.Le matériel est transporté démonté et nécessite un montage avant utilisation.⚠️ Le client est responsable de l’aménagement d’une zone sécurisée de 3mx3m autour de l’équipement afin de prévenir tout risque d’accident ou de dommage.","https://static.wixstatic.com/media/2ef057_dadf821240344138b27130a90c94959a~mv2.png/v1/fit/w_500,h_500,q_90/file.png","https://static.wixstatic.com/media/2ef057_dadf821240344138b27130a90c94959a~mv2.png/v1/fit/w_500,h_500,q_90/file.png | https://static.wixstatic.com/media/2ef057_2aa7a33cb0434e1980131e22ae736c86~mv2.png/v1/fit/w_500,h_500,q_90/file.png | https://static.wixstatic.com/media/2ef057_ad3a32a8fd9c4cf9b6b6f3393125483c~mv2.jpg/v1/fit/w_500,h_500,q_90/file.jpg | https://static.wixstatic.com/media/2ef057_806b810f3fcc483c8a9308dbb32d951d~mv2.jpeg/v1/fit/w_500,h_500,q_90/file.jpg",4,InStock,https://www.le-splendid.events/product-page/videobooth-360,animation
MACH-A-BULL-167,Machine à bulle,machines,15,1500,"Machine à bulles, parfaite pour ajouter une touche magique à vos événements.Elle apportera une ambiance féérique à votre journée.Le consommable (liquide à bulles) est inclu.Ce matériel est loué propre.Le matériel doit être rendu propre.Frais de nettoyage 10€.","https://static.wixstatic.com/media/2ef057_ccc64fcb55904b0495abb7c866e20979~mv2.jpg/v1/fit/w_500,h_500,q_90/file.jpg","https://static.wixstatic.com/media/2ef057_ccc64fcb55904b0495abb7c866e20979~mv2.jpg/v1/fit/w_500,h_500,q_90/file.jpg",1,InStock,https://www.le-splendid.events/product-page/machine-%C3%A0-bulle,machine
CHEM-DE-TABL-168,Chemin de table or,nappages,3,300,Chemin de table or pour vos évènements,"https://static.wixstatic.com/media/2ef057_5ded6b9ab1ff4b2cbbb3121727f7db4c~mv2.jpg/v1/fit/w_500,h_500,q_90/file.jpg","https://static.wixstatic.com/media/2ef057_5ded6b9ab1ff4b2cbbb3121727f7db4c~mv2.jpg/v1/fit/w_500,h_500,q_90/file.jpg",1,InStock,https://www.le-splendid.events/product-page/chemin-de-table-or,chemin
NOEU-VIOL-BLEU-169,Noeud violet/bleu organza,housses,0.4,40,"Nœud de chaise, l'accessoire parfait pour sublimer vos chaises lors de vos événements.","https://static.wixstatic.com/media/2ef057_d114d9364d1a489282029237b43a4d2c~mv2.png/v1/fit/w_500,h_500,q_90/file.png","https://static.wixstatic.com/media/2ef057_d114d9364d1a489282029237b43a4d2c~mv2.png/v1/fit/w_500,h_500,q_90/file.png | https://static.wixstatic.com/media/2ef057_52bed082b01f41a98ecb3ce9da3319cb~mv2.jpg/v1/fit/w_500,h_500,q_90/file.jpg | https://static.wixstatic.com/media/2ef057_ccdcf28c184e4ac1a433940b2832a8af~mv2.jpg/v1/fit/w_500,h_500,q_90/file.jpg",3,InStock,https://www.le-splendid.events/product-page/noeud-violet-bleu-organza,noeud
CORD-ROUG-170,Cordon rouge,decorations,2,200,"Cordon en velours de couleur rouge à installer à des poteaux de guidage or est idéal pour délimiter des espaces ou guider vos invités avec élégance.Parfait pour des événements tels que mariages, galas ou soirées VIP.Robuste et facile à installer, il s’intègre parfaitement dans une décoration chic et raffinée.","https://static.wixstatic.com/media/2ef057_9ce86d6f183049db827f08c5f1076fe5~mv2.webp/v1/fit/w_500,h_500,q_90/file.webp","https://static.wixstatic.com/media/2ef057_9ce86d6f183049db827f08c5f1076fe5~mv2.webp/v1/fit/w_500,h_500,q_90/file.webp",1,InStock,https://www.le-splendid.events/product-page/cordon-rouge,
MANG-DEBO-171,Mange-debout,vaisselle_service,6,600,"Mange-debout à plateau large, idéal pour vos réceptions, buffets et vins d'honneur.","https://static.wixstatic.com/media/2ef057_1f207dff9f754e669a347f2d605ae33b~mv2.png/v1/fit/w_500,h_500,q_90/file.png","https://static.wixstatic.com/media/2ef057_1f207dff9f754e669a347f2d605ae33b~mv2.png/v1/fit/w_500,h_500,q_90/file.png | https://static.wixstatic.com/media/2ef057_be9af92693d34ab98844dc67bbaad23f~mv2.png/v1/fit/w_500,h_500,q_90/file.png | https://static.wixstatic.com/media/2ef057_09ce4bbb5efd44e8963fa437236d08ad~mv2.webp/v1/fit/w_500,h_500,q_90/file.webp",3,InStock,https://www.le-splendid.events/product-page/mange-debout,
ARCH-ECHE-172,Arche échelle,decorations,36,3600,L'arche est parfaite pour apporter une touche rustique à votre événement.Un voilage blanc est fourni avec l'arche.Aucun support ni ornement n'est fourni.L'arche est transportée démontée et nécessite un montage avant utilisation.,"https://static.wixstatic.com/media/2ef057_2707536993104dfa8773f2c26f946edb~mv2.jpeg/v1/fit/w_500,h_500,q_90/file.jpg","https://static.wixstatic.com/media/2ef057_2707536993104dfa8773f2c26f946edb~mv2.jpeg/v1/fit/w_500,h_500,q_90/file.jpg",1,InStock,https://www.le-splendid.events/product-page/arche-%C3%A9chelle,structure
ECHE-DE-PEIN-173,Echelle de peintre,decorations,10,1000,"Une échelle de peintre, idéale pour apporter une touche champêtre à vos décorations. Parfaite pour y suspendre des fleurs, des guirlandes ou d'autres accessoires, elle s'intègre harmonieusement dans une ambiance rustique et élégante.","https://static.wixstatic.com/media/2ef057_823c3188c7ef4107bc54a8b4079382fd~mv2.jpeg/v1/fit/w_500,h_500,q_90/file.jpg","https://static.wixstatic.com/media/2ef057_823c3188c7ef4107bc54a8b4079382fd~mv2.jpeg/v1/fit/w_500,h_500,q_90/file.jpg | https://static.wixstatic.com/media/2ef057_1d02c5d5c5d745fda164cc7dac00179a~mv2.jpeg/v1/fit/w_500,h_500,q_90/file.jpg | https://static.wixstatic.com/media/2ef057_7e491e03f0104edab3522f60103b7389~mv2.jpeg/v1/fit/w_500,h_500,q_90/file.jpg",3,InStock,https://www.le-splendid.events/product-page/echelle-de-peintre,centre_table
NOEU-VERT-SAUG-174,Noeud vert sauge satin,housses,0.5,50,"Nœud de chaise, l'accessoire parfait pour sublimer vos chaises lors de vos événements.","https://static.wixstatic.com/media/2ef057_1a008e884be5412abd4e8ac1091c7807~mv2.jpg/v1/fit/w_500,h_500,q_90/file.jpg","https://static.wixstatic.com/media/2ef057_1a008e884be5412abd4e8ac1091c7807~mv2.jpg/v1/fit/w_500,h_500,q_90/file.jpg",1,InStock,https://www.le-splendid.events/product-page/noeud-vert-sauge-satin,noeud
CHEM-DE-TABL-175,Chemin de table jute,nappages,3,300,"Chemin de table de toile de jute pour la décoration de vos tables dans un style naturel, champêtre ou vintage.","https://static.wixstatic.com/media/2ef057_9838e2712a1c481095fa876b33610b46~mv2.jpeg/v1/fit/w_500,h_500,q_90/file.jpg","https://static.wixstatic.com/media/2ef057_9838e2712a1c481095fa876b33610b46~mv2.jpeg/v1/fit/w_500,h_500,q_90/file.jpg | https://static.wixstatic.com/media/2ef057_1745f3fb32f74622a7e637a62e5f67af~mv2.jpeg/v1/fit/w_500,h_500,q_90/file.jpg | https://static.wixstatic.com/media/2ef057_760dc88384e44cff9d110e98354578b3~mv2.jpg/v1/fit/w_500,h_500,q_90/file.jpg | https://static.wixstatic.com/media/2ef057_5ab39bf54f194836ae58719502ec3f67~mv2.jpeg/v1/fit/w_500,h_500,q_90/file.jpg",4,InStock,https://www.le-splendid.events/product-page/chemin-de-table-jute,chemin
NOEU-TOIL-DE-176,Noeud toile de jute,housses,0.7,70,"Nœud de chaise, l'accessoire parfait pour sublimer vos chaises lors de vos événements.","https://static.wixstatic.com/media/2ef057_e9b11e24340244d2bfd3b5fbd3df1952~mv2.png/v1/fit/w_500,h_500,q_90/file.png","https://static.wixstatic.com/media/2ef057_e9b11e24340244d2bfd3b5fbd3df1952~mv2.png/v1/fit/w_500,h_500,q_90/file.png | https://static.wixstatic.com/media/2ef057_5cba67f3d50c4a30878553d84f556a4e~mv2.jpeg/v1/fit/w_500,h_500,q_90/file.jpg | https://static.wixstatic.com/media/2ef057_258ddbb6c53346a398b655ffe37aab3b~mv2.jpeg/v1/fit/w_500,h_500,q_90/file.jpg | https://static.wixstatic.com/media/2ef057_d31b73c355a0492abf0837c34ae543b6~mv2.jpg/v1/fit/w_500,h_500,q_90/file.jpg",4,InStock,https://www.le-splendid.events/product-page/noeud-toile-de-jute,noeud
BICY-177,Bicyclette,decorations,10,1000,"Bicyclette blanche au style vintage, parfaite pour ajouter une touche rétro à votre événement.Elle est louée sans panier ni ornement, laissant place à vos idées de personnalisation.","https://static.wixstatic.com/media/2ef057_9f974ff53e4447c28ab4ae5efa2e988b~mv2.jpeg/v1/fit/w_500,h_500,q_90/file.jpg","https://static.wixstatic.com/media/2ef057_9f974ff53e4447c28ab4ae5efa2e988b~mv2.jpeg/v1/fit/w_500,h_500,q_90/file.jpg | https://static.wixstatic.com/media/2ef057_cbff203bcdfd465782eab1ebb556f84a~mv2.jpeg/v1/fit/w_500,h_500,q_90/file.jpg",2,InStock,https://www.le-splendid.events/product-page/bicyclette,
TABL-RECT-178,Table rectangulaire,tables,10,1000,"Pratique, robuste et facile à installer, notre table rectangulaire pliante est idéale pour vos repas, buffets ou événements professionnels. Conçue pour accueillir confortablement jusqu’à 6 personnes, elle s’adapte à toutes les occasions, en intérieur comme en extérieur (par temps sec).","https://static.wixstatic.com/media/2ef057_c15890543fe641ea8e319ea85cf4cad6~mv2.png/v1/fit/w_500,h_500,q_90/file.png","https://static.wixstatic.com/media/2ef057_c15890543fe641ea8e319ea85cf4cad6~mv2.png/v1/fit/w_500,h_500,q_90/file.png",1,InStock,https://www.le-splendid.events/product-page/table-rectangulaire,
NAPP-ROND-BLAN-179,Nappe ronde blanche,nappes,9,900,"Nappe en tissu rondeCette nappe élégante et résistante est parfaite pour habiller vos tables lors de réceptions et d'événements.Cependant, faites attention à l'utilisation de bougies et de cierges magiques, car ils peuvent endommager la nappes.Pour la table des enfants, nous recommandons plutôt l'utilisation d'une nappe en intissé pour plus de sécurité.Matière : 100 % polyesterGrammage : 200 g/m²Ce matériel est loué propre et défroissé. Pour une finition parfaite, nous vous conseillons d'utiliser un fer à repasser avant l'événement.Le nettoyage est assuré par nos soins.","https://static.wixstatic.com/media/2ef057_86be5d0276114fceb3b459a7b95e9c2f~mv2.png/v1/fit/w_500,h_500,q_90/file.png","https://static.wixstatic.com/media/2ef057_86be5d0276114fceb3b459a7b95e9c2f~mv2.png/v1/fit/w_500,h_500,q_90/file.png | https://static.wixstatic.com/media/2ef057_6a7dcb7568ee474f83415e42e55aa9c8~mv2.jpeg/v1/fit/w_500,h_500,q_90/file.jpg | https://static.wixstatic.com/media/2ef057_f8ddf15860b64f2986684c2bda1207b1~mv2.jpeg/v1/fit/w_500,h_500,q_90/file.jpg",3,InStock,https://www.le-splendid.events/product-page/nappe-ronde-blanche,nappe
BAR-RUST-180,Bar rustique,tables,50,5000,"Bar rustique, composé de 2 tonneaux en bois et d'une planche au style rustique, ce bar est parfait pour ajouter une touche authentique et chaleureuse à vos événements.Idéal pour un coin boisson, candy bar, ou table de présentation lors de mariages, réceptions ou événements à thème champêtre.","https://static.wixstatic.com/media/2ef057_734b14920cc24c67b646ed0eb91162ca~mv2.png/v1/fit/w_500,h_500,q_90/file.png","https://static.wixstatic.com/media/2ef057_734b14920cc24c67b646ed0eb91162ca~mv2.png/v1/fit/w_500,h_500,q_90/file.png | https://static.wixstatic.com/media/2ef057_14ba9cc79c26427daa1d4bbd68e65fc3~mv2.jpg/v1/fit/w_500,h_500,q_90/file.jpg | https://static.wixstatic.com/media/2ef057_64de789154034fe1b80d70cafefd4b4e~mv2.png/v1/fit/w_500,h_500,q_90/file.png | https://static.wixstatic.com/media/2ef057_3f95e1ef75174f8eaf00e2c415f87100~mv2.jpg/v1/fit/w_500,h_500,q_90/file.jpg | https://static.wixstatic.com/media/2ef057_56116b22ff6b4013829badd8c3cd0a09~mv2.jpg/v1/fit/w_500,h_500,q_90/file.jpg | https://static.wixstatic.com/media/2ef057_844dce7479514fd8aa445a06ace1c0a0~mv2.png/v1/fit/w_500,h_500,q_90/file.png",6,InStock,https://www.le-splendid.events/product-page/bar,
VASE-VINT-181,Vase vintage,decorations,1,100,"Petits vases vintage dépareillés, parfaits pour sublimer vos décorations de mariage ou d’événements.Idéals pour accueillir des compositions florales et apporter une touche bohème, élégante et pleine de charme à vos tables.","https://static.wixstatic.com/media/2ef057_1dbaced77a6a44b59f26fec285144e0b~mv2.jpg/v1/fit/w_500,h_500,q_90/file.jpg","https://static.wixstatic.com/media/2ef057_1dbaced77a6a44b59f26fec285144e0b~mv2.jpg/v1/fit/w_500,h_500,q_90/file.jpg | https://static.wixstatic.com/media/2ef057_728d2190f7bb4067b996a7bde50ee9af~mv2.jpg/v1/fit/w_500,h_500,q_90/file.jpg | https://static.wixstatic.com/media/2ef057_63deb3a7bb39427d9d635a4d4d346641~mv2.jpeg/v1/fit/w_500,h_500,q_90/file.jpg | https://static.wixstatic.com/media/2ef057_570d6453fc6d4b9cb069cf94686771d0~mv2.jpeg/v1/fit/w_500,h_500,q_90/file.jpg",4,InStock,https://www.le-splendid.events/product-page/vase-vintage,centre_table
TOIL-NOEL-CHEM-182,Toile Noël cheminée blanche,nappages,15,1500,Louée avec son armature pour une installation facile et rapide.,"https://static.wixstatic.com/media/2ef057_f3355df9133248cebecf6befcc19a274~mv2.jpg/v1/fit/w_500,h_500,q_90/file.jpg","https://static.wixstatic.com/media/2ef057_f3355df9133248cebecf6befcc19a274~mv2.jpg/v1/fit/w_500,h_500,q_90/file.jpg",1,InStock,https://www.le-splendid.events/product-page/toile-no%C3%ABl-chemin%C3%A9e-blanche,photobooth
NOEU-VERT-LYCR-183,Noeud vert lycra,housses,0.5,50,"Nœud de chaise, l'accessoire parfait pour sublimer vos chaises lors de vos événements.","https://static.wixstatic.com/media/2ef057_0e481855ecee41d4939ee35fec9eb284~mv2.png/v1/fit/w_500,h_500,q_90/file.png","https://static.wixstatic.com/media/2ef057_0e481855ecee41d4939ee35fec9eb284~mv2.png/v1/fit/w_500,h_500,q_90/file.png | https://static.wixstatic.com/media/2ef057_1b4c5ed333f747d18941a3f4342f2a69~mv2.jpg/v1/fit/w_500,h_500,q_90/file.jpg",2,InStock,https://www.le-splendid.events/product-page/noeud-vert-lycra,noeud
